Issue_ID,Date,Role_Type,Location_Block,Location_Room,Equipment,User_Complaint_Text,Actual_Diagnosed_Problem,Fix_Action_Taken,Time_Taken_Hours,Cost_INR,Parts_Replaced,Urgency_Level,Status
LPU-MAINT-2022-0001,2022-01-18,Student,BH-5,B-215,Geyser (Racold 25L),Geyser water is only slightly warm even after keeping switch on for 45 minutes,Heating element heavily encrusted with hard water calcium carbonate scaling (3mm thick),"Descaled geyser tank, replaced 2kW copper heating element and magnesium sacrificial anode",3.0,1850,2kW Heating Element & Magnesium Anode,High,Resolved
LPU-MAINT-2022-0002,2022-02-14,Warden,Uni-Hospital,Power House-1,Generator (Kirloskar 125kVA),"Hospital DG set failed to auto-start during morning grid power cut, emergency ward on battery backup",Automatic Main Failure (AMF) controller relay contactor welded open; weak 12V 180Ah starting battery bank,"Replaced AMF start control relay, replaced defective lead-acid starter battery, and verified auto-transfer in 6 seconds",5.0,24500,AMF Relay & Exide 180Ah DG Battery,Critical,Resolved
LPU-MAINT-2022-0003,2022-02-18,Warden,BH-5,Main Gate Entry,Biometric Scanner (Mantra MFS100),"Hostel attendance biometric scanner not detecting student fingerprints, red error LED",Optical prism glass surface heavily scratched and coated with greasy film,"Cleaned optical prism with optical solvent, recalibrated sensor sensitivity, replaced USB cable",1.0,450,MFS100 USB Data Cable,High,Resolved
LPU-MAINT-2022-0004,2022-02-20,Faculty,Block-33,Room-33-101,"Smartboard (Promethean ActivPanel 75"")",Smartboard backlight flickering on and off rapidly during database lecture,Constant-current LED backlight driver inverter board output capacitor cracked,Replaced LED backlight driver PCB board and verified uniform 400 nit luminance,3.0,6800,LED Backlight Driver Board,High,Resolved
LPU-MAINT-2022-0005,2022-03-08,Student,BH-5,Lift-1 (East Wing),KONE Elevator (Model MonoSpace 500),"Lift-1 jerky while stopping at 4th floor, feels like it drops slightly","Traction motor drive brake shoe clearance uneven, causing abrupt mechanical engagement","Adjusted disc brake shoe air gap to 0.4mm, cleaned brake plunger solenoid, load tested car",4.0,6500,Brake Solenoid Spring Kit,High,Resolved
LPU-MAINT-2022-0006,2022-03-14,Faculty,Block-32,Room-32-201,Projector (Epson EB-X51),Projector lamp turned off suddenly during Operating Systems lecture and orange lamp light is blinking,High-pressure Mercury UHP lamp reached end-of-life (3180 hours) and suffered filament rupture,"Replaced projector lamp module (ELPLP97), dusted optical light path, and reset lamp operating timer",1.5,5800,Epson ELPLP97 Lamp Assembly,High,Resolved
LPU-MAINT-2022-0007,2022-03-18,Faculty,Block-38,Room-38-102,"Smartboard (Promethean ActivPanel 75"")",Smartboard displaying horizontal colored lines and screen flickering continuously,LVDS flat flexible display ribbon cable connecting main scalar board to 4K LCD panel loose,"Re-seated and locked LVDS ribbon cable with Kapton tape, cleaned gold contact fingers",2.0,1400,Kapton Tape & Contact Cleaner,High,Resolved
LPU-MAINT-2022-0008,2022-03-19,Student,GH-1,Lift-1 (Main Lobby),KONE Elevator (Model MonoSpace 500),Lift car fan not working and emergency alarm button is loose inside panel,12V cross-flow car blower seized due to dust; COP alarm microswitch retaining ring broken,Replaced 12V ventilation blower fan and installed new snap-in alarm push button,2.5,3600,12V Blower Fan & Alarm Switch,High,Resolved
LPU-MAINT-2022-0009,2022-03-22,Warden,BH-5,Mess-1,RO Water Purifier (Kent Grand),"Mess water purifier flow is extremely slow, takes 15 mins to fill one water jug",Sediment filter and activated carbon filter blocked by high silt content (TDS 680 ppm),Replaced spun polypropylene sediment filter and granulated activated carbon block,2.0,1250,Sediment Filter & Carbon Filter,Medium,Resolved
LPU-MAINT-2022-0010,2022-03-25,Faculty,Block-25,Room-25-102,"Smartboard (Promethean ActivPanel 75"")",Smartboard touch response is lagging severely and phantom touches appearing in top corner,Infrared optical touch frame bezel misaligned and coated with fine chalk and dust film,"Cleaned infrared bezel glass with optical solvent, recalibrated 20-point touch matrix",2.0,3200,None,High,Resolved
LPU-MAINT-2022-0011,2022-03-30,Student,BH-4,Mess Ground Floor,Water Cooler (Voltas Minimagic),Water cooler water is not cold and compressor area is very hot,Condenser coil covered in thick blanket of kitchen greasy dust from mess exhaust,"Degreased and pressure-washed condenser coils, checked compressor amperage",2.0,1100,Degreaser Chemical,High,Resolved
LPU-MAINT-2022-0012,2022-04-02,Faculty,Block-34,Room-34-201,"Smartboard (Promethean ActivPanel 75"")","Smartboard touch completely unresponsive, stylus and finger not working",Optical touch controller USB interface chip (CY7C68013A) burned out from USB voltage surge,Replaced optical touch controller PCB board and updated firmware to version 4.2,2.5,6800,Promethean Touch Controller Board,High,Resolved
LPU-MAINT-2022-0013,2022-04-05,Student,GH-2,Lift-1 (Main Wing),KONE Elevator (Model MonoSpace 500),"Lift doors keep opening and closing continuously on ground floor, not going up",Infrared light curtain receiver diode array misaligned; accumulated dust in bottom door sill tracks,"Cleaned bottom sill guide grooves, realigned optical curtain transmitter/receiver columns, and recalibrated door controller",3.5,5400,KONE Optical Curtain Sensor Strip,High,Resolved
LPU-MAINT-2022-0014,2022-04-10,Faculty,Block-26,Room-26-201,"Smartboard (Promethean ActivPanel 75"")",Smartboard pen drawing broken lines across center of screen during math lecture,Electromagnetic digitizer grid trace broken along vertical axis 4,Replaced internal digitizer sensor controller harness and recalibrated stylus,2.5,5200,Digitizer Sensor Ribbon Cable,Medium,Resolved
LPU-MAINT-2022-0015,2022-04-12,Student,BH-1,Ground Floor Mess,Water Cooler (Voltas Minimagic),"Water cooler giving lukewarm water in hot afternoon, compressor humming but fan off",Condenser fan blade jammed by a dry wooden stick fallen behind protective grill,"Removed foreign object, inspected fan motor windings, straightened bent blade",1.0,500,None,Medium,Resolved
LPU-MAINT-2022-0016,2022-04-15,Student,BH-4,A-108,Split AC (Voltas 1.5T),AC is not turning on with remote or manual power button on indoor unit,Blown 3.15A glass fuse and blown varistor on indoor power supply PCB from grid spike,"Replaced PCB glass fuse and metal oxide varistor (MOV), tested operation",1.5,950,Glass Fuse & MOV Surge Suppressor,High,Resolved
LPU-MAINT-2022-0017,2022-04-16,Student,GH-3,Mess Dining Hall,Water Cooler (Voltas Minimagic),"Water cooler not chilling water during lunch hours, compressor is silent",Overload protector switch contacts oxidized from repeated cycling,Replaced compressor thermal overload protector and cleaned electrical contacts,1.5,1150,Compressor Overload Protector (OLP),High,Resolved
LPU-MAINT-2022-0018,2022-04-18,Student,BH-5,1st Floor Wing-A,Water Cooler (Voltas Minimagic),Water cooler is throwing warm water since yesterday and compressor making humming sound,Thermal overload protector (OLP) tripped due to faulty start capacitor and choked condenser coils,"Replaced 60uF start capacitor, cleaned condenser coils with pressurized water, and reset OLP",2.5,1650,60uF Start Capacitor,High,Resolved
LPU-MAINT-2022-0019,2022-04-20,Faculty,Uni-Hospital,OPD-Room-104,Split AC (Daikin 1.5T),"Doctor consultation room AC not cooling, doctor and patients complaining in afternoon heat",Refrigerant R32 lost through pinhole leak in indoor evaporator copper bend; 40 PSI suction,"Brazed copper leak with silver alloy, pressure tested with dry nitrogen, vacuumed and refilled 700g R32",4.0,3800,Silver Brazing Rod & R32 Refrigerant,High,Resolved
LPU-MAINT-2022-0020,2022-04-22,Student,BH-5,C-312,Split AC (Voltas 1.5T),AC is not cooling properly and making buzzing sound every few minutes,"Dual run capacitor weak (reading 18uF instead of 45uF), outdoor fan running slow","Replaced 45uF run capacitor, washed condenser coil, verified 3.8A compressor load",2.0,1750,45uF Run Capacitor,High,Resolved
LPU-MAINT-2022-0021,2022-04-24,Student,BH-3,Mess Ground Floor,Water Cooler (Voltas Minimagic),Cooler water is warm and compressor making loud rattling noise,"Condenser fan motor mounting bracket loose, causing fan blades to hit protective shroud","Realiged fan motor brackets, tightened vibration fasteners, cleaned condenser coil",1.5,750,Fastener & Damper Kit,Medium,Resolved
LPU-MAINT-2022-0022,2022-04-26,Student,GH-2,Mess-1,Water Cooler (Voltas Minimagic),"Drinking water is warm during lunch time, cooler making clicking sound",Compressor thermal overload cut-out tripping due to dirty condenser coils,Cleaned condenser fins with high-pressure air and verified compressor current draw,1.5,950,None,High,Resolved
LPU-MAINT-2022-0023,2022-04-28,Student,BH-2,A-108,Split AC (Voltas 1.5T),"AC indoor unit is making continuous screeching and vibrating sound, impossible to sleep",Indoor cross-flow blower fan rubber sleeve bearing dried out and cracked,Replaced cross-flow fan rubber bushing mount and lubricated drive shaft spindle,2.0,1150,Blower Fan Bushing Mount,Medium,Resolved
LPU-MAINT-2022-0024,2022-04-28,Student,GH-4,Mess Ground Floor,Water Cooler (Voltas Minimagic),"Water cooler dispensing warm water in peak afternoon, students complaining","Condenser fan motor capacitor weakened, causing fan to spin at half speed",Replaced 2.5uF fan motor capacitor and cleaned exterior condenser mesh,1.5,1100,2.5uF Fan Capacitor,High,Resolved
LPU-MAINT-2022-0025,2022-05-06,Student,BH-3,A-105,Split AC (Voltas 1.5T),AC indoor unit blowing foul smell and cooling is very weak,Evaporator cooling coil choked with dark mold and dust; air throughput down 60%,"Deep chemical foam wash of evaporator coil, sanitized drain tray, washed filters",2.0,1100,Foam Cleaning Chemical,Medium,Resolved
LPU-MAINT-2022-0026,2022-05-10,Student,BH-5,B-204,Split AC (Voltas 1.5T),"AC blowing room temperature air since yesterday night, outdoor unit fan running but no cooling",Failed 45uF hermetic dual run capacitor preventing compressor startup,"Replaced 45uF run capacitor, washed outdoor unit condenser coil, verified compressor load",2.0,1850,45uF Dual Run Capacitor,High,Resolved
LPU-MAINT-2022-0027,2022-05-14,Student,GH-1,Ground Floor Dining Hall,Water Cooler (Voltas Minimagic),"Water cooler not cooling, compressor getting very hot and cutting off","Start capacitor weakened to 15uF, compressor failing to build starting torque",Installed new 60uF heavy-duty start capacitor and cleaned lower air vents,1.5,1200,60uF Start Capacitor,High,Resolved
LPU-MAINT-2022-0028,2022-05-15,Student,GH-4,A-102,Split AC (Voltas 1.5T),"AC is not cooling, compressor making humming noise and tripping switch",Burnt start capacitor and cracked motor terminals on outdoor unit,Replaced 50uF run capacitor and crimped new insulated spade terminals,2.0,1850,50uF Motor Run Capacitor,High,Resolved
LPU-MAINT-2022-0029,2022-05-16,Student,BH-1,Lift-1 (Main Lobby),KONE Elevator (Model MonoSpace 500),"Lift stopping 3 inches above floor level on 2nd floor, students tripping while exiting",Landing door leveling zone vane optical sensor misaligned due to bracket loose bolts,"Realigned floor leveling sensor assembly, tightened mounting bolts, re-tuned floor approach curve",3.0,4800,Leveling Sensor Bracket Kit,High,Resolved
LPU-MAINT-2022-0030,2022-05-18,Student,BH-2,1st Floor Mess,Water Cooler (Voltas Minimagic),Water cooler tap is loose and water leaking on floor continuously,Damaged internal plastic push tap threads on front dispenser panel,Replaced with heavy-duty chrome-plated brass spring tap,1.0,600,Brass Chrome Push Tap,Low,Resolved
LPU-MAINT-2022-0031,2022-05-18,Faculty,Block-32,Lift-1 (CSE Wing),KONE Elevator (Model MonoSpace 500),"Lift jerky when descending from 4th floor to 3rd floor, sudden deceleration sensation",V3F16L inverter drive motor parameter slip compensation out of tune with worn traction sheaves,"Re-tuned KONE V3F drive motor parameter matrix, measured rope slip ratio, checked traction groove wear",4.0,9200,Traction Cable Service & Tuning,High,Resolved
LPU-MAINT-2022-0032,2022-05-20,Student,GH-3,A-108,Split AC (Voltas 1.5T),AC fan speed is very slow and cooling is minimal in room,Blower motor capacitor degraded (1.0uF instead of 2.5uF),"Replaced 2.5uF indoor fan motor capacitor, washed evaporator mesh filters",1.5,900,2.5uF Fan Motor Capacitor,Medium,Resolved
LPU-MAINT-2022-0033,2022-05-24,Student,BH-5,Mess-1,Water Cooler (Blue Star),"Drinking water is not at all cold during lunch rush, compressor is cutting off every 2 minutes",Compressor short-cycling due to high ambient temperature (43C) and clogged condenser fins,"Straightened condenser fins, cleaned fin dust, flushed water lines, and verified compressor current draw",3.0,1200,None,High,Resolved
LPU-MAINT-2022-0034,2022-05-29,Lab_Technician,Block-38,Server Room-1,Split AC (Daikin 1.5T),"Server room primary AC tripped, room temperature reached 28C, server fans spinning at full speed","Outdoor condenser coil heavily choked with dust, high pressure (HP) safety switch tripped at 420 PSI","Pressure-washed outdoor condenser coils, vacuumed debris from fan shroud, reset manual HP switch",2.5,1600,None,Critical,Resolved
LPU-MAINT-2022-0035,2022-06-02,Student,BH-1,D-201,Split AC (Blue Star 1.5T),"AC was cooling nicely last week but now only throwing warm air, fan is working fine",Refrigerant leak from cracked brass flare nut on 1/2 inch vapor suction line; gas lost completely,"Cut oxidized copper tube, formed precision 45-degree flare, installed forged brass flare nut, nitrogen leak tested at 350 PSI, evacuated and charged 720g R32",4.0,3600,Brass Flare Nut & R32 Gas (720g),High,Resolved
LPU-MAINT-2022-0036,2022-06-11,Student,GH-2,A-104,Split AC (Voltas 1.5T),"AC indoor unit blowing normal warm air, compressor outside is not running",Dual run capacitor (45+5 uF) shorted internally from voltage surge,Replaced 45+5 uF dual capacitor and inspected outdoor wiring terminals,1.5,1750,45+5 uF Dual Run Capacitor,High,Resolved
LPU-MAINT-2022-0037,2022-06-12,Warden,BH-5,3rd Floor Wing-C,Water Cooler (Voltas Minimagic),"Cooler stopped cooling completely, burning smell noticed near bottom panel",Burnt PTC starter relay and run capacitor due to fluctuating supply voltage,Replaced PTC starter relay and run capacitor; inspected terminal wiring harness,2.0,1850,PTC Relay and Run Capacitor,High,Resolved
LPU-MAINT-2022-0038,2022-06-15,Student,BH-3,Lift-1 (Main),KONE Elevator (Model MonoSpace 500),"Lift doors stuck halfway while closing on 1st floor, making clicking sound","Door drive clutch skate rollers misaligned, jamming in landing door pickup rollers","Realigned car door clutch mechanism, lubricated pickup rollers, tested 25 door cycles",3.0,4600,Door Clutch Roller Assembly,High,Resolved
LPU-MAINT-2022-0039,2022-06-18,Faculty,Uni-Hospital,ICU-Ward-2,UPS System (APC Smart-UPS 3000VA),ICU ventilator UPS beeping continuously and fault red LED on front panel glowing,Internal VRLA battery string degraded with cell impedance high; DC bus voltage dropped below 42V under load,"Hot-swapped 4x 12V 9Ah sealed lead-acid battery cartridge, calibrated UPS battery runtime curve",2.0,8400,APC Replacement Battery Cartridge (RBC),Critical,Resolved
LPU-MAINT-2022-0040,2022-06-19,Student,BH-2,C-302,Split AC (Voltas 1.5T),"AC is not cooling, air coming out is hot, outdoor fan is spinning very fast",Faulty compressor run capacitor (20uF reading instead of 50uF),Replaced 50uF motor run capacitor and vacuumed outdoor heat exchanger,2.0,1600,50uF Motor Run Capacitor,High,Resolved
LPU-MAINT-2022-0041,2022-06-20,Student,GH-4,Lift-1 (Main),Otis Elevator (Gen2),Lift doors bouncing back when closing on 2nd floor even though nobody is there,Infrared optical curtain sensor lenses obscured with thick dust cobwebs,"Cleaned optical sensor lenses on both door edges, realigned transmitter beam array",1.5,2400,None,High,Resolved
LPU-MAINT-2022-0042,2022-06-25,Student,GH-1,C-312,Split AC (Blue Star 1.5T),Water is overflowing from AC indoor unit and dripping all over my study table and books,"Indoor condensation drain tray choked with fungal algae slime, blocking gravity drain outlet","Flushed drain pipe with pressurized nitrogen, treated condensate tray with antimicrobial tablet",1.5,850,None,High,Resolved
LPU-MAINT-2022-0043,2022-06-28,Student,BH-4,B-212,Split AC (Daikin 1.5T),AC outdoor unit making very loud buzzing sound and vibration transferring into room wall,Compressor vibration dampener rubber grommets perished and cracked,Installed set of high-density rubber compressor mounting bushes,2.0,1200,Compressor Mounting Grommets,Medium,Resolved
LPU-MAINT-2022-0044,2022-07-08,Student,GH-1,B-205,Split AC (Voltas 1.5T),"AC is running but not cooling the room, only slight breeze coming out",Clogged mesh air filters and condenser coil covered in dust; refrigerant pressure normal,"Thoroughly washed air filters, chemically cleaned outdoor condenser, verified 18C air throw",1.5,800,None,Medium,Resolved
LPU-MAINT-2022-0045,2022-07-14,Warden,BH-2,Lift-1 (Central Wing),Otis Elevator (Gen2),Otis lift jerky during acceleration and making squeaking belt sound in shaft,Polyurethane coated steel flat belts exhibiting minor surface glazing and pulley groove dust,"Cleaned drive sheave grooves, inspected Gen2 pulse belt monitoring system, tension balanced",4.0,9500,Belt Cleaning & Alignment Kit,High,Resolved
LPU-MAINT-2022-0046,2022-07-15,Warden,BH-5,Turnstile Gate-2,Biometric Scanner (Suprema BioEntry W2),Outdoor biometric turnstile not communicating with hostel attendance server,RJ45 PoE Ethernet port pins corroded from rainwater moisture seepage into backplate,"Re-terminated waterproof CAT6 RJ45 connector, applied silicone sealant around cable entry gland",1.5,850,Waterproof RJ45 Connector Gland,High,Resolved
LPU-MAINT-2022-0047,2022-07-19,Faculty,Block-34,Room-34-101,Split AC (Daikin 1.5T),Daikin AC display blinking error code C9 and indoor unit shuts off after 5 mins,Indoor room temperature thermistor drifted out of calibration (open circuit at high humidity),"Replaced indoor coil and ambient thermistor assembly, coated PCB connectors with conformal sealant",2.0,2250,Daikin Thermistor Sensor Harness,Medium,Resolved
LPU-MAINT-2022-0048,2022-07-22,Faculty,Block-33,Room-33-202,Projector (Epson EB-X51),Projector fan is running on maximum noise level and image shuts off after 15 mins,"Internal thermal sensor thermistor clogged with thick dust blanket, signaling false over-temperature","Cleaned intake dust filters, blown internal optical engine with clean compressed air, reset sensor",1.5,1100,None,Medium,Resolved
LPU-MAINT-2022-0049,2022-07-30,Student,BH-5,A-101,Split AC (Daikin 1.5T),Daikin AC remote display blinking and AC turning off with error code A6,Indoor blower fan motor locked by foreign thread accumulation and bearing seizure,"Dismantled indoor casing, removed tangled threads, lubricated sleeve bearing, reassembled",2.5,1200,None,Medium,Resolved
LPU-MAINT-2022-0050,2022-08-04,Student,BH-5,B-204,Split AC (Voltas 1.5T),AC cooling is very poor again and thin ice forming on copper pipes behind outdoor grill,Refrigerant R32 slow leak from flared suction service valve nut; system pressure at 65 PSI,"Flared copper pipe connection re-cut and tightened to 42 Nm, vacuumed system, recharged 650g R32 gas",3.5,3400,R32 Refrigerant Gas (650g),Medium,Resolved
LPU-MAINT-2022-0051,2022-08-11,Warden,BH-1,Turnstile Entry,Biometric Scanner (Mantra MFS100),Biometric attendance device rejecting thumb impressions with smudge error,Silicon membrane over optical sensor worn and abraded from repeated student usage,Replaced optical silicone prism protective film and cleaned optical window,1.0,400,Silicone Sensor Film,Medium,Resolved
LPU-MAINT-2022-0052,2022-08-16,Lab_Technician,Block-25,Lab-25-201,Lab Power Distribution Unit,Lab PDU breaker tripped when 30 student computers booted simultaneously,PDU main 63A triple pole MCB thermal trip threshold degraded from repeated inrush currents,Replaced 63A C-curve 3-phase MCB with industrial D-curve motor/inrush rated MCB,2.5,4200,Schneider 63A D-Curve 3P MCB,Critical,Resolved
LPU-MAINT-2022-0053,2022-08-20,Warden,BH-4,Lift-1 (Main),Otis Elevator (Gen2),"Lift stopped abruptly between 2nd and 3rd floor with 4 students inside, emergency bell rang",Hoistway safety circuit opened due to false trip of over-speed governor tension pulley switch,"Safely evacuated passengers, reset governor safety switch, lubricated pit tension weight guide",3.5,7500,Governor Tension Switch,Critical,Resolved
LPU-MAINT-2022-0054,2022-08-25,Faculty,Block-32,Room-32-104,"Smartboard (Promethean ActivPanel 75"")","Smartboard HDMI-1 port not detecting teacher laptop, showing no signal",HDMI port 1 connector physical pins bent and cracked solder joints on PCB,Replaced surface-mount HDMI female receptacle connector and reflowed signal pins,2.0,1850,HDMI SMD Receptacle,High,Resolved
LPU-MAINT-2022-0055,2022-08-30,Lab_Technician,Uni-Hospital,DG Yard,Generator (Cummins 82.5kVA),DG set engine hunting and fluctuating between 1400 and 1650 RPM with heavy black smoke,Electronic fuel governor actuator sticking due to diesel fuel varnish buildup and choked primary fuel filter,"Cleaned electronic governor linkage, replaced primary and secondary diesel fuel spin-on filters, bled fuel line",4.0,11200,Fleetguard Fuel Filter Set & Cleaner,High,Resolved
LPU-MAINT-2022-0056,2022-09-02,Faculty,Block-34,Lift-1 (Main),KONE Elevator (Model MonoSpace 500),Lift car shaking violently while approaching 5th floor landing,"Counterweight roller guide shoes misaligned, causing excessive lateral sway against guide rails","Re-aligned counterweight roller guide shoes, adjusted spring tension dampers, lubricated guide rails",4.0,8500,Counterweight Roller Guide Bushings,High,Resolved
LPU-MAINT-2022-0057,2022-09-05,Student,BH-5,2nd Floor Wing-B,RO Water Purifier (Aquaguard Enhance),Water has strange bitter chemical taste and foul smell from dispenser tap,Post-carbon filter exhausted and mineral cartridge clogged with biofilm,"Sanitized storage tank with chlorine tablet, replaced post-carbon cartridge and mineralizer",1.5,1450,Post-Carbon Cartridge & Mineral Filter,High,Resolved
LPU-MAINT-2022-0058,2022-09-10,Warden,GH-3,Lift-1 (Main),Otis Elevator (Gen2),Lift stopping with jerk at 3rd floor and doors taking 15 seconds to open,Car door vane interlock clutch rollers dry and sticking against landing door locks,"Lubricated door interlock roller bearings, adjusted door motor torque setting",2.5,3800,Door Roller Bearings,High,Resolved
LPU-MAINT-2022-0059,2022-09-12,Warden,BH-4,Turnstile Entry Gate,Biometric Scanner (Mantra MFS100),Biometric device showing error 1001 (device communication failure),Damaged USB connector pin 1 (+5V VBUS pin bent inside socket),Straightened USB connector contact pins and anchored cable with cable clamp,1.0,350,None,Medium,Resolved
LPU-MAINT-2022-0060,2022-09-15,Lab_Technician,Block-26,Lab-26-101,Network Switch (Cisco Catalyst 2960),"Network switch fan making extremely loud grinding noise, temperature warning LED amber",Exhaust cooling fan dual ball bearings seized from continuous lab dust exposure,Replaced 40mm 12V brushless DC fan module and cleared internal heatsink fins,2.0,1850,Cisco 40mm Blower Fan Assembly,High,Resolved
LPU-MAINT-2022-0061,2022-09-18,Student,GH-1,C-312,Split AC (Blue Star 1.5T),AC started leaking water again from left corner of the indoor unit,Drain pipe sagged behind indoor unit mounting plate creating reverse gradient air lock,"Re-routed corrugated flexible drain pipe with positive downward gradient, re-leveled indoor unit bracket",2.0,950,Flexible Drain Pipe 2m,High,Resolved
LPU-MAINT-2022-0062,2022-09-22,Faculty,Block-32,Room-32-305,Projector (BenQ MX550),"Screen display went black after loud pop sound, lamp indicator glowing solid red",Lamp explosion inside housing caused by blocked exhaust ventilation and thermal shock,"Removed shattered lamp assembly, vacuumed quartz shards from light tunnel, and installed new lamp module",2.5,6200,BenQ Lamp Module 5J.JND05.001,High,Resolved
LPU-MAINT-2022-0063,2022-10-02,Student,BH-2,A-108,Split AC (Voltas 1.5T),Loud rattling noise coming from AC whenever fan speed is set to medium or high,"Blower wheel dynamic balance weights dislodged, causing eccentric rotational vibration","Replaced plastic tangential blower wheel assembly, balanced rotor, and tested at max RPM",3.0,1950,Cross-Flow Blower Wheel,Medium,Resolved
LPU-MAINT-2022-0064,2022-10-10,Lab_Technician,Block-38,Server Rack-38A,Network Switch (Cisco Catalyst 2960),"Network switch suddenly lost power, server room cluster nodes isolated",Primary internal switch-mode power supply (SMPS) module blown due to power line transient,Replaced internal Cisco power supply module and tested 12V/5V regulated DC rails,2.5,4600,Cisco Internal SMPS Power Supply,Critical,Resolved
LPU-MAINT-2022-0065,2022-10-14,Faculty,Block-33,Lift-1 (Main),Otis Elevator (Gen2),"Elevator cabin landing 4 inches below floor level at 3rd floor, jerk felt while stopping",Position reference sensor encoder reading drift due to magnetic tape contamination,"Cleaned hoistway magnetic tape strip, recalibrated elevator car floor positioning controller",3.0,5200,Hoistway Magnetic Tape & Sensor,High,Resolved
LPU-MAINT-2022-0066,2022-10-18,Warden,GH-2,Lift-2 (North Wing),KONE Elevator (Model MonoSpace 500),"Elevator door bounced back and hit a student's shoulder, door sensor not detecting persons entering",Defective multi-beam infrared door detector curtain with failed lower beam emitter cluster,"Replaced multi-beam electronic door sensor curtain, performed dynamic obstruction reversal test",4.0,7800,KONE Door Light Curtain Assembly,Critical,Resolved
LPU-MAINT-2022-0067,2022-10-25,Lab_Technician,Block-34,Lab-34-102,Lab Power Distribution Unit,Main incoming MCB for computer lab tripping on startup of air conditioners and PCs,Phases unbalanced: Phase R pulling 58A while Phase B pulling only 18A on 63A main,Re-distributed single-phase lab circuit breakers across all 3 phases uniformly (approx 32A per phase),3.0,2100,Busbar Phase Jumpers,High,Resolved
LPU-MAINT-2022-0068,2022-10-28,Warden,Uni-Hospital,Main Pharmacy Store,RO Water Purifier (Kent Grand),Pharmacy water purifier water tasting bitter and TDS meter showing 380 ppm,RO membrane fouled with mineral salts and post-carbon filter clogged with fine particles,Replaced 100 GPD high-recovery RO membrane and inline post-carbon bacteriostatic filter,2.0,2400,100 GPD RO Membrane & Post-Carbon,High,Resolved
LPU-MAINT-2022-0069,2022-11-04,Faculty,Block-25,Lift-1 (Main),Otis Elevator (Gen2),"Lift stopping with jerk at 2nd floor, leveling display blinking error code",Landing door interlock contact switch carbonized from continuous passenger traffic,"Replaced landing door interlock microswitch, adjusted roller clearance to 6mm",2.5,4800,Landing Door Interlock Switch,High,Resolved
LPU-MAINT-2022-0070,2022-11-12,Warden,BH-5,Lift-2 (West Wing),KONE Elevator (Model MonoSpace 500),"Lift-2 display showing F5 error and car trapped on 5th floor, no passengers inside",Shaft positioning encoder tape magnetic sensor coated with ferrous dust,"Cleaned magnetic reader strip down elevator hoistway, replaced magnetic reader head",3.5,5200,KONE Position Reader Sensor,High,Resolved
LPU-MAINT-2022-0071,2022-11-15,Student,BH-4,A-102,Geyser (Racold 25L),"Geyser water is boiling hot and steam coming out of tap, very dangerous plz check immediately","Stem-type operating thermostat contacts welded closed, causing thermal cutout switch to trip on over-temperature","Replaced faulty bimetallic stem thermostat (75C), reset manual safety cutoff, and inspected pressure release valve",1.5,950,Racold Stem Thermostat,Critical,Resolved
LPU-MAINT-2022-0072,2022-11-18,Lab_Technician,Block-32,Server Room-32,Network Switch (Cisco Catalyst 2960),Core distribution switch port Gigabit 0/1 uplinking to central datacenter flapping continuously,SFP 1000BASE-SX optical transceiver laser output power degraded below -12 dBm,Replaced Cisco GLC-SX-MM SFP optical transceiver module and cleaned LC fiber patch endfaces,2.0,4800,Cisco GLC-SX-MM SFP Transceiver,Critical,Resolved
LPU-MAINT-2022-0073,2022-11-20,Lab_Technician,Uni-Hospital,Pathology Lab,UPS System (APC Smart-UPS 3000VA),Blood analyzer UPS emitting high pitched whine and smell of hot plastic in pathology lab,Swollen DC filter electrolytic capacitors and failed cooling fan on main power inverter board,Replaced inverter board filter capacitors and installed high-speed ball bearing DC cooling fan,3.5,6800,Electrolytic Capacitors & 24V Fan,High,Resolved
LPU-MAINT-2022-0074,2022-11-20,Student,BH-3,A-204,Geyser (Racold 25L),"Geyser taking more than 1 hour to heat water in winter, water only lukewarm",Heavy limescale deposit encasing heating element tube preventing heat transfer,"Removed and descaled element, flushed tank sediment, replaced magnesium anode",2.5,1400,Magnesium Sacrificial Anode,High,Resolved
LPU-MAINT-2022-0075,2022-11-25,Student,GH-3,A-201,Geyser (Racold 25L),"Geyser water takes more than 50 minutes to get warm, power bill very high",Element heavily calcified with 4mm thick scale layer,"Removed heating element, acid descaled tank, installed new sacrificial anode",2.5,1400,Magnesium Sacrificial Anode,High,Resolved
LPU-MAINT-2022-0076,2022-11-28,Student,BH-1,A-104,Geyser (Racold 25L),Geyser making boiling kettle whistling noise and steam sputtering out of faucet,Excessive calcium scaling on heating element sheath causing localized overheating and thermal stress,"Dismantled element, descaled tank with sulfamic acid solution, installed new anode rod",2.5,1250,Magnesium Sacrificial Anode,High,Resolved
LPU-MAINT-2022-0077,2022-12-04,Student,GH-1,A-106,Geyser (Racold 25L),"Geyser water is not getting hot in morning, indicator light stays off",Manual reset thermal cutout tripped due to temporary dry run condition,"Reset thermal cutout switch, checked cold water supply pressure, inspected element",1.0,400,None,High,Resolved
LPU-MAINT-2022-0078,2022-12-05,Lab_Technician,Block-26,Lab-26-204,Lab Power Distribution Unit,"Lab 26-204 workbench row 3 power sockets dead, students unable to plug in laptops",Blown 16A single pole MCB caused by shorted multi-plug adapter used by student,Replaced burnt 16A C-curve MCB and replaced charred modular 16A socket outlet,1.5,950,16A MCB & Modular Socket,Medium,Resolved
LPU-MAINT-2022-0079,2022-12-08,Student,BH-4,B-208,Geyser (Bajaj 15L),"Geyser is not heating water at all in morning, red indicator light is not turning on",Secondary safety thermal cutout tripped permanently due to stuck main thermostat switch,Replaced capillary thermostat unit and secondary thermal cutoff; tested element continuity,2.0,1100,Capillary Thermostat & Thermal Cutout,High,Resolved
LPU-MAINT-2022-0080,2022-12-12,Student,GH-4,A-110,Geyser (Racold 25L),"Geyser water is not heating, power lamp glowing on switchboard",Heating element burned open circuit due to dry run condition,Replaced 2kW tubular copper heating element and rubber sealing ring,2.0,1400,Racold 2kW Heating Element,High,Resolved
LPU-MAINT-2022-0081,2022-12-14,Student,BH-5,C-408,Geyser (Bajaj 15L),"Geyser power light turns on but water stays cold, no heating happening",Heating element burned out (open circuit infinite resistance measured on multimeter),Replaced 2kW Bajaj tubular heating element and silicone sealing gasket,2.0,1400,Bajaj 2kW Heating Element,High,Resolved
LPU-MAINT-2022-0082,2022-12-18,Student,GH-2,D-408,Geyser (Racold 25L),Geyser water is boiling hot with excessive steam pressure escaping tap,"Stem thermostat stuck closed, safety relief valve dripping water under high steam pressure",Replaced stem thermostat regulator and replaced 6-bar multi-function safety valve,2.0,1450,Stem Thermostat & Safety Valve,Critical,Resolved
LPU-MAINT-2022-0083,2022-12-22,Student,BH-2,A-112,Geyser (Bajaj 15L),"Geyser water is not heating, green lamp glowing but no heating",Heating coil element open circuit due to internal burnout,"Replaced 2000W copper heating element, replaced anode rod, descaled bottom",2.0,1350,Bajaj Heating Element 2kW,High,Resolved
LPU-MAINT-2023-0001,2023-01-08,Student,BH-2,D-401,Geyser (Racold 25L),"Water leaking from top inlet braided pipe of geyser, spraying on bathroom wall",EPDM rubber core inside braided stainless steel flexible hose ruptured under pressure,Replaced pair of 1/2 inch stainless steel braided connection pipes,1.0,550,SS Braided Hose Pair 1/2 inch,High,Resolved
LPU-MAINT-2023-0002,2023-01-10,Warden,BH-5,Mess-1 Entrance,Biometric Scanner (Mantra MFS100),"Mess punch machine not connecting to PC, showing device not recognized error",Damaged internal micro-USB connector solder pads on scanner mainboard,"Resoldered USB connector pins on PCB with lead-free solder, tested device handshake",1.5,600,None,Medium,Resolved
LPU-MAINT-2023-0003,2023-01-14,Student,BH-4,C-310,Geyser (Racold 25L),Water temperature is barely warm even after leaving geyser on for 1 hour in freezing cold,"Thermostat calibration drifted downwards, cutting power off at 32C instead of set 65C",Replaced thermostat unit with genuine Racold stem regulator and checked wiring terminals,1.0,850,Bimetallic Stem Thermostat,High,Resolved
LPU-MAINT-2023-0004,2023-01-15,Student,GH-2,A-202,Geyser (Bajaj 15L),"No hot water coming from geyser, indicator lamp does not light up",Heating coil element open circuit due to burnout of resistance wire,Replaced 2000W heating element assembly and rubber tank gasket,2.0,1300,Bajaj 2000W Heating Element,High,Resolved
LPU-MAINT-2023-0005,2023-01-18,Faculty,Block-32,Room-32-301,"Smartboard (Promethean ActivPanel 75"")","Smartboard touch calibration completely offset, touches registering 4 inches to the left",Corrupted EEPROM calibration configuration data on optical touch controller,"Restored factory calibration profile via USB service port, performed 16-point geometric alignment",1.5,1200,None,Medium,Resolved
LPU-MAINT-2023-0006,2023-01-20,Student,BH-5,A-108,Geyser (Racold 25L),"Water leaking from bottom plastic cover of geyser, dripping over electrical socket",Corroded flange gasket ring causing pressurized water seepage into electrical chamber,Replaced rubber flange gasket and tightened tank flange bolts to uniform torque,2.0,650,Flange Gasket & Fasteners,Critical,Resolved
LPU-MAINT-2023-0007,2023-01-22,Student,GH-1,C-308,Geyser (Bajaj 15L),Geyser body giving minor electric shock when touching tap with wet hands,Mineral crust cracked sheath of heating element causing 15mA earth leakage current,"Replaced 2kW nickel-plated copper element, restored earth wiring to geyser body",2.5,1450,Bajaj 2kW Heating Element,Critical,Resolved
LPU-MAINT-2023-0008,2023-01-25,Student,GH-4,C-302,Geyser (Bajaj 15L),"Water coming out of geyser is lukewarm only, takes 1 hour to heat",Heavy limescale layer coating element reducing thermal conductivity,"Acid descaled geyser inner tank, installed new sacrificial anode rod",2.0,1250,Magnesium Sacrificial Anode,Medium,Resolved
LPU-MAINT-2023-0009,2023-01-28,Warden,Uni-Hospital,Power House-1,Generator (Kirloskar 125kVA),Routine maintenance check: DG set output voltage dropping to 370V when hospital chiller load connects,Automatic Voltage Regulator (AVR) board sensing circuit potentiometer corroded causing poor voltage regulation,"Installed new Stamford SX460 AVR module, calibrated no-load voltage to 415V 3-phase and frequency to 50.2 Hz",4.5,18500,Stamford SX460 AVR Module,Critical,Resolved
LPU-MAINT-2023-0010,2023-02-12,Faculty,Block-38,Department Entry,Biometric Scanner (Suprema BioEntry W2),"Biometric reader buzzer sounding continuous beep, touch keypad unresponsive",Capacitive keypad touch controller IC locked up due to static electricity discharge,Replaced capacitive keypad sensor PCB and installed ESD grounding contact to door frame,1.5,1600,Keypad PCB & ESD Grounding Strap,Medium,Resolved
LPU-MAINT-2023-0011,2023-02-14,Warden,GH-2,Hostel Reception,Biometric Scanner (Mantra MFS100),Biometric attendance scanner device not recognized by hostel desktop PC,Corroded USB cable pins inside molded plastic connector,Replaced molded USB connection cable and tested student biometric capture,1.0,450,Mantra USB Connection Cable,Medium,Resolved
LPU-MAINT-2023-0012,2023-02-17,Faculty,Block-32,Lab-32-101,Projector (Epson EB-X51),"Projection is extremely dim and colors looking washed out, students on back benches cannot see code",Lamp lumen depreciation exceeding 70% after 2900 runtime hours; optical polarizer fogged with fine dust,"Installed new OEM projector bulb, cleaned optical lenses with isopropyl alcohol, and replaced dust filter",2.0,5600,Epson Projector Lamp & Sponge Filter,Medium,Resolved
LPU-MAINT-2023-0013,2023-02-19,Warden,BH-3,Hostel Entrance Turnstile,Biometric Scanner (Suprema BioEntry W2),Turnstile scanner RFID card reader not scanning student smart ID cards,13.56 MHz RFID antenna coil soldered connection cracked inside front enclosure,Replaced RFID antenna board and verified card read range at 5cm,1.5,1450,RFID Antenna Module,High,Resolved
LPU-MAINT-2023-0014,2023-02-28,Lab_Technician,Block-25,Server Rack-25,Network Switch (Cisco Catalyst 2960),"Cisco switch port 12 to 24 went completely dark, entire lab network unreachable",Internal auxiliary 12V SMPS supply rails failed due to bulging filter capacitors,Swapped modular power supply unit (PWR-C2-250WAC) and verified Gigabit port links,3.0,5600,Cisco Redundant Power Supply Module,Critical,Resolved
LPU-MAINT-2023-0015,2023-03-08,Lab_Technician,Block-33,Lab-33-104,Lab Power Distribution Unit,Power sockets on workbench row 4 sparking when plugging in desktop monitors,Worn spring tension contacts inside modular 3-pin universal electrical sockets,Replaced 8x modular 6A/16A universal socket units and tested earth loop impedance,2.0,1650,Modular Socket Units (8-pack),High,Resolved
LPU-MAINT-2023-0016,2023-03-11,Student,GH-2,Lift-1 (Main Wing),KONE Elevator (Model MonoSpace 500),"Door refuses to close on 3rd floor, red sensor light flashing on door edge",Dry solder joint on door interlock optical interface card (EDC board) causing intermittent false obstacle detection,"Resoldered optical interface board terminals, adjusted door motor torque limiter, and cleared error logs",3.0,4200,Door Interface Circuit Board,High,Resolved
LPU-MAINT-2023-0017,2023-03-15,Faculty,Block-34,Staff Room-34,Biometric Scanner (Mantra MFS100),Biometric device USB cable frayed and device disconnecting when touched,Molded USB cable damaged right at the strain relief joint from repeated movement,Installed new heavy-duty braided USB cable and anchored cable strain relief bracket,1.0,450,Braided USB Cable,Medium,Resolved
LPU-MAINT-2023-0018,2023-03-16,Student,BH-5,3rd Floor Wing-C,RO Water Purifier (Kent Grand),Purifier constantly leaking pure water from bottom enclosure onto corridor floor,Cracked high-pressure membrane housing cap under 80 PSI booster pump pressure,Replaced RO membrane housing assembly and 1/4 inch food-grade push-fit fittings,2.0,1600,RO Membrane Housing & Push Fittings,Medium,Resolved
LPU-MAINT-2023-0019,2023-03-20,Warden,GH-3,Turnstile Entry Gate,Biometric Scanner (Suprema BioEntry W2),Turnstile gate not releasing lock after successful student fingerprint scan,12V door strike relay coil on access controller card burnt out,Replaced 12V 10A SPDT interface relay on access control board,1.5,950,12V Interface Relay,High,Resolved
LPU-MAINT-2023-0020,2023-03-22,Faculty,Block-26,Lift-1 (Main),Otis Elevator (Gen2),Lift car fan vibrating heavily and emergency alarm button sticky,Car ventilation blower motor squirrel-cage impeller out of dynamic balance,Replaced cross-flow blower impeller assembly and serviced emergency alarm switch,2.5,3600,Cross-flow Impeller & Alarm Switch,Medium,Resolved
LPU-MAINT-2023-0021,2023-03-24,Warden,BH-1,Main Gate,CCTV System (Hikvision DS-2CD),Gate camera image completely white washed out during sunny daytime,"Electronic auto-iris motor stuck open, unable to adjust aperture to bright sunlight",Replaced camera vari-focal lens module and recalibrated exposure settings,2.0,2200,Vari-focal Lens Module,Medium,Resolved
LPU-MAINT-2023-0022,2023-04-06,Warden,GH-1,Hostel Turnstile Gate,Biometric Scanner (Suprema BioEntry W2),Fingerprint sensor failing to authenticate students with dry or cold fingers,Sensor image capture brightness and LED illumination levels degraded,"Cleaned sensor window with lint-free optical swab, updated biometric firmware",1.0,350,None,Medium,Resolved
LPU-MAINT-2023-0023,2023-04-08,Warden,BH-4,1st Floor Wing-A,RO Water Purifier (Aquaguard Enhance),"RO water purifier tap broken by students, water leaking on floor",Dispensing tap stem snapped inside front housing thread,Replaced dispensing tap assembly and sanitized cold water storage tank,1.0,700,Aquaguard Dispensing Tap,Medium,Resolved
LPU-MAINT-2023-0024,2023-04-10,Faculty,Uni-Hospital,Emergency-1,UPS System (APC Smart-UPS 3000VA),Emergency room lights and patient monitors blinked during brief utility power switchover,"Static bypass transfer switch relay contacts oxidized, causing transfer delay of 28ms exceeding ITIC curve","Replaced static bypass switch relay PCB, performed oscilloscope transfer time test (measured 3.8ms)",3.0,7200,Static Bypass Switch Relay Board,Critical,Resolved
LPU-MAINT-2023-0025,2023-04-12,Warden,BH-3,Lift-1 (Main),KONE Elevator (Model MonoSpace 500),"Lift emergency car fan not operating during power cut, students feeling suffocated",12V DC auxiliary ventilation blower motor burned out due to bearing seizure,Replaced 12V cross-flow car blower motor and emergency ventilation relay,2.5,3800,12V Car Ventilation Blower,Critical,Resolved
LPU-MAINT-2023-0026,2023-04-14,Student,BH-5,B-204,Split AC (Voltas 1.5T),AC humming loudly and tripping the room MCB switch after 3 minutes,"Run capacitor swollen due to voltage surge, compressor tripping on thermal overload","Replaced run capacitor with heavy-duty 45+5uF metal can capacitor, checked voltage stabilizer",2.5,2100,45+5uF Metal Can Capacitor,High,Resolved
LPU-MAINT-2023-0027,2023-04-14,Warden,GH-2,1st Floor Wing-A,RO Water Purifier (Kent Grand),Purifier pure water output has bad taste and TDS is 380 ppm,RO membrane fouled with colloidal silica and carbon filter exhausted,Installed new 75 GPD RO membrane cartridge and replaced post-carbon filter,2.0,2200,75 GPD RO Membrane & Carbon Filter,High,Resolved
LPU-MAINT-2023-0028,2023-04-15,Student,Block-32,Lift-2 (CSE Wing),KONE Elevator (Model MonoSpace 500),"Lift buttons for 2nd and 4th floor not lighting up when pressed, students missing stops",Car operating panel serial bus controller card loose ribbon connector,"Re-seated and locked flat ribbon cable connector, replaced 2 illuminated microswitch caps",1.5,2600,Illuminated Push Button Caps,Medium,Resolved
LPU-MAINT-2023-0029,2023-04-18,Warden,BH-1,1st Floor Corridor,RO Water Purifier (Kent Grand),"RO purifier pure water output is very slow, drip by drip only",Pre-filter cartridge choked with clay silt; inlet water pressure dropped below 5 PSI,Replaced 10-inch spun polypropylene pre-filter cartridge and flushed inlet housing,1.0,650,10-inch Spun Pre-Filter,Medium,Resolved
LPU-MAINT-2023-0030,2023-04-20,Student,BH-5,2nd Floor Wing-B,Water Cooler (Voltas Minimagic),Water is lukewarm and machine body is getting very hot on side grill,Condenser fan motor seized resulting in compressor thermal cutout tripping,"Installed new condenser fan motor, lubricated fan bearings, and refitted protective mesh",3.5,2400,Condenser Fan Motor,Medium,Resolved
LPU-MAINT-2023-0031,2023-04-25,Student,BH-2,B-215,Split AC (Daikin 1.5T),"Daikin AC remote display blinking green light, error code U0 shown",Refrigerant shortage due to loose service valve cap seal ring; pressure at 70 PSI,"Replaced neoprene valve cap O-rings, vacuumed line, charged 550g R32 refrigerant",3.0,2850,R32 Refrigerant Gas & Seal O-ring,High,Resolved
LPU-MAINT-2023-0032,2023-05-02,Student,BH-1,D-201,Split AC (Blue Star 1.5T),"AC cooling is dropping gradually since 4 days, ice visible on outdoor brass valves",Micro-leak from service schrader core pin valve inside 3-way service valve port,"Replaced schrader valve core using core removal tool under pressure, topped up 200g R32 gas",2.0,1800,Schrader Valve Core & R32 Top-up,Medium,Resolved
LPU-MAINT-2023-0033,2023-05-04,Warden,GH-3,1st Floor Corridor,RO Water Purifier (Aquaguard Enhance),RO water purifier tank filling very slowly and rejected water line dry,"Inlet solenoid valve coil open circuit, preventing feed water from entering RO membrane",Replaced 24V DC inlet solenoid valve and tested flow rate,1.5,1250,24V DC Solenoid Valve,High,Resolved
LPU-MAINT-2023-0034,2023-05-10,Lab_Technician,Block-32,Lab-32-204,Lab Power Distribution Unit,Entire left row of computers in Lab 204 powered down during practical exam,Faulty 32A residual current circuit breaker (RCCB) tripping due to cumulative leakage current,Replaced 32A 30mA RCCB with 300mA industrial type RCCB and rebalanced computer phase loads,2.5,3400,Havells 32A 4P RCCB,Critical,Resolved
LPU-MAINT-2023-0035,2023-05-12,Warden,BH-3,1st Floor Corridor,RO Water Purifier (Kent Grand),"Purifier water has TDS of 420 ppm (input is 550 ppm), RO membrane failing",Thin film composite (TFC) RO membrane fouled and perforated by chlorine degradation,Installed new 75 GPD Dow Filmtec RO membrane and replaced inline sediment filter,2.0,2100,75 GPD RO Membrane & Pre-Filter,High,Resolved
LPU-MAINT-2023-0036,2023-05-14,Student,BH-2,A-108,Split AC (Voltas 1.5T),AC fan making grinding metallic noise and room cooling is very slow,Indoor fan motor ball bearing worn with excessive radial play (bearing 608ZZ pitted),Replaced indoor fan motor assembly and vibration dampening rubber grommets,3.5,2750,Indoor Fan Motor 28W,High,Resolved
LPU-MAINT-2023-0037,2023-05-16,Warden,GH-4,1st Floor Corridor,RO Water Purifier (Kent Grand),"Water purifier TDS reading 450 ppm, water tasting alkaline and salty",RO membrane deteriorated due to hard water scaling fouling,Replaced 75 GPD thin-film RO membrane and inline sediment pre-filter,2.0,2200,75 GPD RO Membrane & Pre-Filter,High,Resolved
LPU-MAINT-2023-0038,2023-05-18,Student,BH-5,D-405,Split AC (Blue Star 1.5T),Water leaking from indoor unit inside room on wall and study table,Condensate drain pipe disconnected at evaporator spud behind plastic housing,"Re-attached drain hose with hose clamp, insulated indoor pipe connection, tested drain flow",1.5,750,Drain Clamp & Insulation Tape,High,Resolved
LPU-MAINT-2023-0039,2023-05-19,Student,BH-5,Mess-1,Water Cooler (Blue Star),Water cooler not cooling and vibrating very loudly in mess area,Compressor mounting grommets perished causing vibration; low suction pressure detected,"Replaced rubber vibration dampers, topped up R134a refrigerant (250g), sealed service valve",4.0,3100,Anti-vibration Mounts and R134a Refrigerant,High,Resolved
LPU-MAINT-2023-0040,2023-05-22,Student,BH-4,C-304,Split AC (Blue Star 1.5T),"AC indoor unit blowing mist and small ice chips, room not cooling properly",Partially blocked expansion capillary tube causing evaporator coil freezing,"Flushed refrigeration system with R141b cleaning solvent, replaced copper filter drier",4.0,3400,Copper Filter Drier & Solvent Flush,High,Resolved
LPU-MAINT-2023-0041,2023-05-28,Student,GH-2,B-210,Split AC (Daikin 1.5T),"Daikin AC remote control not turning unit on, indoor receiver not beeping",Infrared receiver eye board on indoor display panel corroded by humidity,Replaced display receiver PCB module and tested with handheld remote,1.5,1650,Daikin Display Receiver PCB,Medium,Resolved
LPU-MAINT-2023-0042,2023-05-30,Warden,BH-2,2nd Floor Corridor,RO Water Purifier (Kent Grand),RO water purifier making loud vibrating noise while filling tank,"Booster pump internal diaphragm worn and bearings dry, causing severe hydraulic pulsation",Replaced 100 GPD DC booster pump and rubber dampener mounting brackets,2.0,2200,100 GPD RO Booster Pump,Medium,Resolved
LPU-MAINT-2023-0043,2023-06-05,Lab_Technician,Block-38,Server Room-1,Split AC (Daikin 1.5T),"Emergency: Server room AC compressor cutting out repeatedly, temperature alarm triggered",High condensing pressure due to extreme ambient heat (44C) and choked microchannel fins,"Deep chemical coil cleaning of outdoor condenser, straightened bent aluminum fins with fin comb",3.0,2100,Coil Cleaner Chemical,Critical,Resolved
LPU-MAINT-2023-0044,2023-06-10,Student,GH-3,B-214,Split AC (Blue Star 1.5T),"AC outdoor unit making grinding noise, cooling stopped completely",Outdoor condenser fan motor bearing seized due to dust contamination,Replaced outdoor condenser fan motor and balanced aerofoil fan blade,3.0,2600,Outdoor Condenser Fan Motor,High,Resolved
LPU-MAINT-2023-0045,2023-06-12,Warden,Uni-Hospital,Emergency Entry Gate,CCTV System (Hikvision DS-2CD),"Emergency ambulance bay camera feed dropped, monitor showing no video signal",Outdoor Cat6 cable severed by landscaping trench digger near hospital garden curb,"Spliced armored Cat6 cable using waterproof gel-filled inline splice enclosure, verified PoE signal",2.5,1850,Armored Cat6 Splice Enclosure,Critical,Resolved
LPU-MAINT-2023-0046,2023-06-14,Student,BH-3,B-214,Split AC (Daikin 1.5T),AC outdoor unit tripping circuit breaker within 10 seconds of switching on,Compressor terminal pins burnt and wire harness insulation charred,Replaced compressor terminal wire kit and heat shrink insulation sleeves,2.5,1850,Compressor Wiring Kit,High,Resolved
LPU-MAINT-2023-0047,2023-06-18,Student,GH-1,A-110,Split AC (Daikin 1.5T),"AC indoor unit showing error code A5 on front panel, cooling stops randomly",Freeze-up protection thermistor triggered by low air volume through iced coil,"De-iced indoor coil, straightened bent cooling fins, replaced evaporator thermistor",2.5,2300,Evaporator Thermistor Sensor,High,Resolved
LPU-MAINT-2023-0048,2023-06-20,Faculty,Block-33,Faculty Cabin-33B,Split AC (Daikin 1.5T),AC is running but room is very humid and cooling is barely noticeable,Indoor cross-flow blower fan wheel covered with thick lint layer; air delivery reduced 50%,"Dismantled indoor casing, pressure-washed blower wheel and sanitized evaporator coil",2.0,1200,None,Medium,Resolved
LPU-MAINT-2023-0049,2023-06-22,Student,BH-5,E-510,Split AC (Voltas 1.5T),"AC throwing warm air, outdoor unit compressor is not starting at all",Burnt terminal wiring harness on hermetic compressor terminal block,"Crimped new high-temperature brass terminal lugs, replaced terminal seal protector",2.5,1450,High-Temp Terminal Wiring Kit,High,Resolved
LPU-MAINT-2023-0050,2023-06-25,Student,GH-4,B-208,Split AC (Blue Star 1.5T),Water leaking from indoor unit down the bedroom wall,Condensate drain pipe choked with dust and mildew plug,"Cleared drain line with high-pressure nitrogen blow-through, sanitized drain pan",1.5,750,None,High,Resolved
LPU-MAINT-2023-0051,2023-06-28,Student,BH-5,1st Floor Wing-A,Water Cooler (Voltas Minimagic),"No chilled water on 1st floor wing A, students facing big issue in afternoon heat",Hermetic reciprocating compressor mechanical lockup due to continuous high thermal stress,"Replaced sealed compressor unit, flushed capillary tube, nitrogen pressure tested, charged refrigerant",8.0,4200,Hermetic Compressor 1/3 HP,Critical,Resolved
LPU-MAINT-2023-0052,2023-07-14,Faculty,Block-25,Room-25-204,Projector (Epson EB-X51),Projector display showing yellow discoloration on right half of projection screen,Blue dichroic mirror optical coating degraded due to prolonged operating heat,"Replaced dichroic mirror optical block assembly, cleaned internal prism chamber",3.0,6400,Epson Optical Dichroic Block,Medium,Resolved
LPU-MAINT-2023-0053,2023-07-16,Lab_Technician,Uni-Hospital,Radiology Unit,UPS System (APC Smart-UPS 3000VA),CT console workstation UPS showing battery disconnected warning message,Corroded inline DC fuse holder and loose Anderson battery connector terminal due to acid vapor seepage,Replaced high-current Anderson battery cable harness and 60A inline DC cartridge fuse,1.5,3400,Anderson Battery Cable & 60A DC Fuse,High,Resolved
LPU-MAINT-2023-0054,2023-07-18,Student,BH-4,Lift-1 (Main),Otis Elevator (Gen2),"Lift doors closing very slowly, takes almost 30 seconds to close fully",Dirt and grease accumulated on door header track and guide hanger rollers worn down,"Cleaned door track with solvent, replaced pair of nylon door hanger rollers",2.5,4200,Nylon Door Hanger Rollers,Medium,Resolved
LPU-MAINT-2023-0055,2023-07-25,Faculty,Block-34,Room-34-101,Split AC (Daikin 1.5T),AC blinking green timer light and showing C4 error code in faculty room,Liquid pipe thermistor sensor resistance drifted to 85k ohm due to moisture ingress,Replaced liquid pipe temperature thermistor sensor and sealed wire entry grommet,2.0,2400,Pipe Thermistor Sensor,Medium,Resolved
LPU-MAINT-2023-0056,2023-08-09,Student,GH-1,C-312,Split AC (Blue Star 1.5T),"Water dripping continuously down the wall from AC unit, wall paint is peeling off",Severe biological buildup choking internal drain gutter and cracked drain nozzle elbow,"Replaced cracked plastic drain spud connector, chemically sanitized evaporator coil and drain trough",2.5,1400,Drain Connector Spud & Chemical Flush,High,Resolved
LPU-MAINT-2023-0057,2023-08-10,Warden,GH-4,Turnstile Entry Gate,Biometric Scanner (Mantra MFS100),Hostel gate biometric attendance device not communicating with server,Ethernet-to-USB active adapter converter burnt out by lightning surge,Replaced active USB network converter module and verified data polling,1.5,1350,Active USB Network Converter,High,Resolved
LPU-MAINT-2023-0058,2023-08-11,Faculty,Block-26,Room-26-302,Projector (BenQ MX550),Projector projecting dull image with vertical purple lines across screen,DMD chip (Digital Micromirror Device) mirror array pixel latch failure,Installed new Texas Instruments 0.55 inch XGA DMD chip and thermal silicone pad,3.5,9400,TI 0.55 inch XGA DMD Chip,High,Resolved
LPU-MAINT-2023-0059,2023-08-14,Warden,BH-2,Main Lobby Turnstile,Biometric Scanner (Mantra MFS100),Fingerprint device disconnected intermittently when touched,USB cable internal shielding frayed near molded strain relief boot,Replaced USB A-to-Micro cable with industrial braided shielded cable,1.0,450,Shielded USB Cable,Medium,Resolved
LPU-MAINT-2023-0060,2023-08-15,Student,BH-5,Lift-1 (East Wing),KONE Elevator (Model MonoSpace 500),"Lift fan and light turned off inside elevator car, pitch dark while moving",Traveling cable conductor wire broken for auxiliary 230V lighting supply circuit,"Re-routed car lighting circuit through spare core in traveling cable flex, replaced LED tube",3.0,3800,Car Traveling Cable Joint & LED Light,Medium,Resolved
LPU-MAINT-2023-0061,2023-08-20,Warden,BH-5,Mess-2,RO Water Purifier (Aquaguard Enhance),"Purifier buzzer sounding continuous beep, system not dispensing water",UV lamp failure in UV sterilization chamber detected by electronic ballast sensor,Replaced 11W Phillips UV lamp tube and electronic ballast choke module,1.5,1350,11W UV Tube & Electronic Ballast,High,Resolved
LPU-MAINT-2023-0062,2023-08-22,Student,GH-3,Lift-1 (Main),Otis Elevator (Gen2),Floor 4 call button light not working inside lift car,Defective LED backlight PCB element behind floor button assembly,Replaced COP illuminated push button module for 4th floor,1.5,2200,COP Push Button Module,Low,Resolved
LPU-MAINT-2023-0063,2023-08-25,Warden,GH-1,2nd Floor Corridor,RO Water Purifier (Kent Grand),RO water purifier tap is leaking water continuously onto the floor,Dispensing tap internal silicone shutoff disc torn from prolonged usage,Replaced food-grade dispensing push tap assembly and checked line pressure,1.0,550,Food-Grade Dispensing Tap,Medium,Resolved
LPU-MAINT-2023-0064,2023-08-28,Faculty,Block-32,Room-32-402,Projector (BenQ MX550),Projector powers down after 10 mins with warning lamp blinking fast,Exhaust fan tachometer failure leading to internal over-temperature lamp shutdown,Replaced 12V blower cooling fan and swapped aging lamp unit to prevent burn-through,3.0,7100,Cooling Blower Fan & Lamp Assembly,High,Resolved
LPU-MAINT-2023-0065,2023-08-30,Lab_Technician,Block-34,Lab-34-204,Network Switch (Cisco Catalyst 2960),"Cisco switch port 1 to 8 showing amber status LED, no data transmission",Power over Ethernet (PoE) controller chip failed due to lightning-induced ground potential rise,Replaced PoE controller daughtercard and connected chassis grounding strap to earth busbar,3.0,5400,Cisco PoE Controller Daughtercard,High,Resolved
LPU-MAINT-2023-0066,2023-09-02,Warden,BH-5,Lobby CCTV Console,CCTV System (Hikvision DS-2CD),Camera 4 covering BH-5 main lobby showing black screen with video loss icon,PoE switch port supplying camera 4 shut down due to shorted RJ45 patch connector,"Re-crimped CAT6 RJ45 connector, verified 48V PoE delivery, restored 1080p video stream",1.5,650,CAT6 Connectors & Boot,High,Resolved
LPU-MAINT-2023-0067,2023-09-08,Warden,Uni-Hospital,DG Yard,Generator (Cummins 82.5kVA),"Generator coolant temperature gauge reading 98C during load run, alarm sound sounding",Radiator matrix clogged with dirt/leaves and engine water pump belt slipping due to low tension,"Back-flushed radiator core, replaced engine V-belts, and refilled ethylene glycol coolant mixture (50/50)",4.0,9500,Cummins V-Belt Pair & Engine Coolant,High,Resolved
LPU-MAINT-2023-0068,2023-09-14,Student,GH-2,Lift-2 (North Wing),KONE Elevator (Model MonoSpace 500),Lift door is shuddering while closing and suddenly opening again repeatedly,Debris lodged in landing door sill groove triggering electronic door force limiter,"Cleaned door sill tracks, realigned eccentric guide shoes, and adjusted optical sensor sensitivity dip switches",2.0,2200,None,Medium,Resolved
LPU-MAINT-2023-0069,2023-09-15,Lab_Technician,Block-38,Lab-38-101,Lab Power Distribution Unit,Lab PDU 40A main breaker tripping whenever laser printers power on,Excessive inrush current causing sensitive B-curve breaker to trip prematurely,Replaced 40A B-curve MCB with 40A C-curve breaker designed for motor/inductive inrush,1.5,1850,Legrand 40A C-Curve MCB,High,Resolved
LPU-MAINT-2023-0070,2023-09-20,Student,BH-4,2nd Floor Wing-B,Water Cooler (Blue Star),"Water cooler tap not shutting off fully, slow trickle wasting water",Silicone sealing washer eroded by fine sand particles in water supply,Replaced tap inner rubber cartridge seal and flushed faucet body,1.0,450,Tap Rubber Cartridge Seal,Low,Resolved
LPU-MAINT-2023-0071,2023-09-28,Warden,GH-2,Main Lobby Corridor,CCTV System (Hikvision DS-2CD),Corridor camera feed flickering between color and black and white mode,Ambient light photodiode sensor faulty on camera front bezel,Replaced camera sensor bezel assembly and reset day/night switching threshold,1.5,1200,Photodiode Bezel Assembly,Low,Resolved
LPU-MAINT-2023-0072,2023-10-05,Warden,GH-4,Lift-1 (Main),Otis Elevator (Gen2),Lift making squeaking mechanical noise while traveling between 3rd and 4th floors,Car guide shoe sliding inserts worn down to metal backing plate,"Replaced set of polyurethane guide shoe gibs, lubricated guide rail oiler reservoirs",3.5,6200,Polyurethane Guide Shoe Gibs,High,Resolved
LPU-MAINT-2023-0073,2023-10-14,Warden,BH-1,Lift-1 (Main Lobby),KONE Elevator (Model MonoSpace 500),Lift emergency alarm button inside car not ringing buzzer in guard security room,Alarm push button contact oxidized and emergency intercom battery pack flat (0V),Replaced 12V 1.2Ah rechargeable emergency battery and cleaned COP alarm contacts,2.0,3200,12V 1.2Ah Battery & Switch,Critical,Resolved
LPU-MAINT-2023-0074,2023-10-18,Faculty,Block-25,Faculty Cabin-25A,Biometric Scanner (Suprema BioEntry W2),Biometric device rejecting faculty RFID punch and fingerprint reading takes 10 seconds,Internal optical sensor lens clouded with silicone oil separation film,"Cleaned optical sensor chamber, calibrated minutiae extraction threshold parameter",1.5,1200,None,Medium,Resolved
LPU-MAINT-2023-0075,2023-10-25,Warden,BH-4,Mess Dining Hall,CCTV System (Hikvision DS-2CD),Mess CCTV camera showing purple hue over entire video image,IR-cut filter switcher stuck in night position across camera image sensor,Replaced motorized IR-cut filter assembly and re-focused 2.8mm lens,2.0,1500,Motorized IR-Cut Filter,Low,Resolved
LPU-MAINT-2023-0076,2023-10-30,Faculty,Block-32,Faculty Entry Gate,Biometric Scanner (Mantra MFS100),"Biometric device rejecting faculty thumb impressions, says capture timeout",Scratched prism optical coating and loose internal flat flexible cable (FFC),Replaced optical prism cover and re-clamped 8-pin FFC data cable,1.0,450,Prism Cover & Ribbon Cable,Medium,Resolved
LPU-MAINT-2023-0077,2023-11-05,Warden,BH-5,Cycle Stand Shed,CCTV System (Hikvision DS-2CD),"Cycle stand camera infrared night vision not working, complete darkness in night feed",IR LED array circuit board burnt due to continuous 12V voltage ripple,"Replaced 850nm infrared illuminator LED board, cleaned camera dome lens glass",2.0,1450,Hikvision IR LED Board,Medium,Resolved
LPU-MAINT-2023-0078,2023-11-08,Student,BH-2,Lift-1 (Central Wing),Otis Elevator (Gen2),"Lift car leveling 2 inches below floor on 3rd floor, door took 10 seconds to open",Door drive controller (AT120) drive belt slack and slipping under door header friction,"Replaced door drive timing belt, cleaned header track rollers, tuned opening speed curve",3.0,4800,Otis AT120 Door Belt & Rollers,High,Resolved
LPU-MAINT-2023-0079,2023-11-12,Faculty,Block-33,Corridor Entry-33,Biometric Scanner (Suprema BioEntry W2),Biometric punch machine rebooting in loop whenever someone places finger on glass,Short circuit on internal optical sensor heater circuit board pulling down 12V rail,Replaced optical prism heater module and updated device controller kernel,2.0,1650,Sensor Heater Module,High,Resolved
LPU-MAINT-2023-0080,2023-11-15,Warden,GH-1,Lift-1 (Main Lobby),KONE Elevator (Model MonoSpace 500),Elevator taking very long to respond to landing call button on 3rd floor,Landing call station bus communication error on LOP interface transceiver IC,"Replaced landing call station PCB module on 3rd floor, tested landing call response",2.0,4200,KONE LOP Landing Interface Board,Medium,Resolved
LPU-MAINT-2023-0081,2023-11-18,Student,BH-5,D-308,Geyser (Bajaj 15L),"Geyser MCB trips immediately when turned on, sparks observed near wall plug",Short circuit inside molded 16A top plug caused by charred loose neutral pin,Replaced 16A 3-pin plug top and heavy-duty 1.5 sq mm 3-core heat resistant power cord,1.0,450,16A Plug Top & 3-Core Cable,High,Resolved
LPU-MAINT-2023-0082,2023-11-22,Student,BH-4,D-405,Geyser (Bajaj 15L),"Geyser auto-cut is not working, boiling water and loud hissing sound from geyser tank",Carbonized thermostat contact points stuck in closed position; pressure relief valve partially weeping,"Replaced thermostat assembly, descaled heating element pocket, and tested pressure relief valve",2.5,1450,Thermostat Assembly & Valve Gasket,Critical,Resolved
LPU-MAINT-2023-0083,2023-11-28,Student,Block-34,Lift-1 (Main),KONE Elevator (Model MonoSpace 500),Lift doors closing and immediately reopening 3 times before finally moving,"Door protective optical light curtain lower emitter diode degraded, low optical power",Replaced lower transmitter optical column assembly and recalibrated door closing profile,3.0,6200,Optical Curtain Column,High,Resolved
LPU-MAINT-2023-0084,2023-12-05,Faculty,Uni-Hospital,Minor OT-1,UPS System (APC Smart-UPS 3000VA),Operation theater surgical light UPS giving site wiring fault indication on rear panel,Ground-to-neutral voltage excessive (12.4V) caused by loose hospital sub-distribution neutral link,"Tightened sub-distribution neutral busbar lugs, verified ground-to-neutral voltage below 1.5V",2.0,1800,None,Critical,Resolved
LPU-MAINT-2023-0085,2023-12-08,Student,GH-3,C-310,Geyser (Bajaj 15L),"No hot water coming, geyser tripping the miniature circuit breaker","Heating element insulation failed, resistance to earth 0.2 megaohm (below 10 MOhm limit)",Replaced 2kW heating element and rubber sealing flange,2.0,1350,Bajaj 2000W Heating Element,High,Resolved
LPU-MAINT-2023-0086,2023-12-10,Student,BH-1,B-210,Geyser (Bajaj 15L),Geyser pilot lamp glows but no warm water even after 40 minutes in winter morning,Nickel-chrome resistance heating wire ruptured inside copper tube sheath,Replaced 2000W heating coil element and silicone sealing ring,2.0,1350,Bajaj 2kW Heating Element,High,Resolved
LPU-MAINT-2023-0087,2023-12-15,Student,BH-3,B-108,Geyser (Bajaj 15L),"Geyser power indicator not turning on at all, no hot water",Mains thermal fuse blown due to excessive water temperature spike,Replaced 96C one-shot thermal fuse and re-seated stem thermostat probe,1.5,650,Thermal Safety Fuse,High,Resolved
LPU-MAINT-2023-0088,2023-12-19,Warden,BH-4,A-201,Geyser (Racold 25L),Geyser keeps tripping room MCB whenever temperature reaches maximum,Internal short circuit between thermostat terminal pin and earthed mounting flange under thermal expansion,Replaced 25L geyser thermostat and insulated terminal wiring with high-temp fiberglass sleeving,2.0,950,Stem Thermostat 25L,High,Resolved
LPU-MAINT-2024-0001,2024-01-11,Student,BH-4,B-105,Geyser (Bajaj 15L),"Hot water not coming, geyser power light is on but heating indicator remains off",Open-circuit failure in bimetal sensing disc of main thermostat switch,Replaced plug-in stem thermostat and verified heating cycle cutoff at 60C,1.5,800,Bajaj Plug-in Thermostat,High,Resolved
LPU-MAINT-2024-0002,2024-01-24,Faculty,Block-32,Room-32-201,Projector (Epson EB-X51),"Lamp warning light flashing red, projector not striking lamp on startup",Lamp ballast board electronic igniter failure preventing high-voltage arc ignition,Replaced lamp ballast power supply board and re-seated lamp terminal connectors,3.5,8200,Lamp Ballast Board,High,Resolved
LPU-MAINT-2024-0003,2024-02-05,Student,BH-5,E-102,Geyser (Racold 25L),"Water temperature is dangerously hot, thermostat not cutting off automatically","Thermostat capillary tube kinked during previous cleaning, preventing temperature regulation","Replaced capillary thermostat unit, tested automatic shutoff at 65C",2.0,950,Racold Capillary Thermostat,Critical,Resolved
LPU-MAINT-2024-0004,2024-02-15,Faculty,Block-26,Faculty Lounge-26,Split AC (Daikin 1.5T),AC indoor unit blowing foul damp odor and room temperature air only,Evaporator cooling coil blocked with mold spores; run capacitor weak at 28uF,"Chemically sanitized cooling coil, replaced 45uF motor capacitor, verified 16C airflow",2.0,1750,45uF Motor Run Capacitor,Medium,Resolved
LPU-MAINT-2024-0005,2024-02-18,Warden,Uni-Hospital,Power House-1,Generator (Kirloskar 125kVA),"DG set starter motor cranking very sluggishly, takes three attempts to fire up",Starter motor solenoid pinion gear teeth chipped and armature carbon brushes worn down to minimum limit,"Overhauled starter motor, installed new starter bendix drive and heavy-duty carbon brush set",6.0,14200,Starter Motor Bendix & Brush Assembly,Critical,Resolved
LPU-MAINT-2024-0006,2024-02-20,Warden,GH-2,Lift-1 (Main Wing),KONE Elevator (Model MonoSpace 500),"Lift stuck on 2nd floor with doors open, door close button not responding at all",Complete failure of KONE FCBO door sensor power supply module causing fail-safe hold open condition,Replaced door sensor DC power supply regulator module and verified cycle test for 30 cycles,4.5,6800,Door Sensor Power Supply Module,High,Resolved
LPU-MAINT-2024-0007,2024-03-12,Faculty,Block-34,Room-34-101,Split AC (Daikin 1.5T),AC remote not responding and indoor unit error LED blinking U4 continuously,Corrosion on indoor-outdoor communication terminal strip disrupting serial communication,"Cleaned communication terminals, replaced 4-core interconnecting signal cable",3.0,1950,4-Core Shielded Signal Cable,High,Resolved
LPU-MAINT-2024-0008,2024-03-16,Faculty,Block-32,Room-32-405,Split AC (Voltas 1.5T),Faculty room AC throwing warm air and outdoor unit making rhythmic clanking sound,"Outdoor condenser fan blade cracked at hub, causing eccentric imbalance and tripping OLP",Replaced 3-blade outdoor fan impeller and inspected fan motor drive shaft,2.0,1950,Outdoor Condenser Fan Blade,High,Resolved
LPU-MAINT-2024-0009,2024-03-18,Warden,BH-5,Mess-2,Water Cooler (Blue Star),Tap of water cooler is broken and dripping clean water continuously onto floor,Internal brass push-type spring faucet plunger worn and rubber washer torn,Replaced heavy-duty brass push-type tap and food-grade silicone seating washer,1.0,550,Brass Push Tap 1/2 inch,Low,Resolved
LPU-MAINT-2024-0010,2024-03-28,Faculty,Block-34,Room-34-305,Projector (Epson EB-X51),Projector lamp turned off with loud pop sound during machine learning lecture,UHP lamp bulb exploded due to clogged cooling intake filter and thermal stress,"Removed shattered glass fragments, cleaned optical chamber, installed new lamp module",2.0,5800,Epson ELPLP97 Lamp Assembly,High,Resolved
LPU-MAINT-2024-0011,2024-04-05,Lab_Technician,Block-25,Lab-25-302,Lab Power Distribution Unit,"Voltage between neutral and ground in computer lab measuring 14.8V, causing monitor flickers",Loose neutral terminal lug on 3-phase main distribution busbar inside lab sub-panel,"Torqued all busbar terminal bolts to 18 Nm, tested neutral-to-ground potential (0.8V)",2.0,1400,Heavy Duty Copper Lugs,High,Resolved
LPU-MAINT-2024-0012,2024-04-10,Student,BH-5,1st Floor Wing-A,RO Water Purifier (Kent Grand),"Purifier not turning on at all, no LED indication on front panel",Blown 24V DC 2.5A switched-mode power supply (SMPS) adapter from grid power surge,Replaced 24V DC SMPS adapter and installed surge protective plug adapter,1.0,1100,24V 2.5A SMPS Power Supply,Medium,Resolved
LPU-MAINT-2024-0013,2024-04-12,Faculty,Block-32,Auditorium-32,Projector (BenQ MX550),Auditorium projector lamp completely dead before guest lecture session,High-intensity discharge lamp electrode degradation and cracked quartz envelope,"Replaced projector lamp housing, cleaned dichroic mirrors, and verified 3500 ANSI lumen output",2.0,6800,BenQ High-Intensity Lamp Unit,Critical,Resolved
LPU-MAINT-2024-0014,2024-04-14,Faculty,Block-38,Room-38-204,Projector (BenQ MX550),Projector showing lamp error indicator and refusing to power up,"Lamp ballast igniter capacitor shorted, preventing high voltage spark generation",Replaced projector lamp ballast board and inspected optical lamp burner unit,3.0,7200,BenQ Lamp Ballast Board,High,Resolved
LPU-MAINT-2024-0015,2024-04-18,Lab_Technician,Block-33,Server Rack-33,Network Switch (Cisco Catalyst 2960),"Uplink port Gi0/2 link down, all faculty workstations in Block-33 disconnected",Corroded RJ45 connector contacts on CAT6 patch panel connecting to backbone trunk,"Re-terminated CAT6 patch cable with gold-plated RJ45 modular jack, verified Gigabit link",1.5,950,CAT6 Gold-Plated Keystone Jack,Critical,Resolved
LPU-MAINT-2024-0016,2024-04-26,Student,BH-1,D-201,Split AC (Blue Star 1.5T),AC compressor running continuously but room is not getting cool at all,Liquid line 1/4 inch flare joint loose due to pipe vibration and thermal cycling,"Tightened flare joint with torque wrench, leak tested with soap bubble solution, charged 600g R32",3.0,3200,R32 Refrigerant Gas (600g),High,Resolved
LPU-MAINT-2024-0017,2024-05-08,Warden,BH-5,2nd Floor Wing-B,Water Cooler (Voltas Minimagic),Water cooler tripping the main MCB as soon as compressor tries to start,Grounded compressor motor winding causing dead short to earth,"Replaced compressor motor assembly, rewired earthing lead, and tested insulation resistance",6.5,4100,Reciprocating Compressor Unit,Critical,Resolved
LPU-MAINT-2024-0018,2024-05-10,Student,GH-2,2nd Floor Wing-B,Water Cooler (Blue Star),"Water cooler push tap broken by someone, water spilling on floor",Brass tap spring mechanism sheared inside valve chamber,Replaced with heavy-duty chrome plated brass push button tap,1.0,550,Chrome Push Button Tap,Low,Resolved
LPU-MAINT-2024-0019,2024-05-12,Student,BH-5,4th Floor Wing-D,Water Cooler (Voltas Minimagic),Water cooler outer metal body giving mild electric shock when touching the tap,"Earth continuity wire broken inside 3-pin plug top, static leakage accumulating on body","Restored 14 AWG green grounding wire, tested body-to-ground resistance (0.3 ohms)",1.0,350,16A Heavy Duty Plug Top,Critical,Resolved
LPU-MAINT-2024-0020,2024-05-14,Student,GH-3,C-306,Split AC (Daikin 1.5T),AC display showing error code U4 and unit does not start,Communication line terminal loose on outdoor terminal strip,"Re-tightened terminal screws, tested serial signal continuity",1.5,650,None,High,Resolved
LPU-MAINT-2024-0021,2024-05-15,Student,BH-1,2nd Floor Wing-B,Water Cooler (Blue Star),"Water cooler compressor running continuously without stopping, cooling coil frozen into ice block","Thermostat temperature sensing bellows lost internal gas charge, contacts permanently closed",Replaced mechanical thermostat regulator and defrosted cooling tank with warm water,2.5,1750,Ranco Thermostat Controller,High,Resolved
LPU-MAINT-2024-0022,2024-05-16,Student,BH-4,D-410,Split AC (Voltas 1.5T),"AC cooling is zero, only fan is running on low speed",Burnt out dual run capacitor (50+4 uF) on outdoor unit,Replaced dual run capacitor and cleaned outdoor heat exchanger coil,2.0,1800,50+4 uF Dual Capacitor,High,Resolved
LPU-MAINT-2024-0023,2024-05-18,Lab_Technician,Block-38,Server Room-1,Split AC (Daikin 1.5T),"Daikin AC in server room showing E3 error, outdoor fan stopped spinning",Outdoor brushless DC (BLDC) fan motor driver IC burnt on outdoor inverter PCB due to thermal stress,Replaced outdoor inverter PCB board and replaced outdoor condenser BLDC fan motor,4.5,7600,Outdoor Inverter PCB & BLDC Fan Motor,Critical,Resolved
LPU-MAINT-2024-0024,2024-05-22,Student,BH-5,B-204,Split AC (Voltas 1.5T),"AC not cooling at all, outdoor compressor making buzz sound and cutting off immediately",Compressor start relay contacts burnt and run capacitor weakened to 22uF,"Replaced dual capacitor and potential relay, cleaned outdoor air intake",2.5,2400,Dual Run Capacitor & Start Relay,High,Resolved
LPU-MAINT-2024-0025,2024-05-24,Lab_Technician,Block-26,Lab-26-301,UPS System (APC Smart-UPS 3000VA),"Lab server UPS making continuous beeping sound, battery fault red LED on",Battery bank internal impedance exceeded operating limit (cell voltage 10.4V under load),"Installed new replacement battery pack (4x 12V 9Ah VRLA batteries), calibrated run time",2.0,7800,12V 9Ah VRLA Battery Set (x4),Critical,Resolved
LPU-MAINT-2024-0026,2024-05-28,Student,BH-3,2nd Floor Wing-A,Water Cooler (Blue Star),"Water cooler not dispensing water, taps are dry",Float valve inside chilled water storage tank stuck in closed position,Replaced brass float ball valve and adjusted water inlet cutoff level,1.0,650,Brass Float Valve 1/2 inch,High,Resolved
LPU-MAINT-2024-0027,2024-05-30,Lab_Technician,Uni-Hospital,Pathology Lab,UPS System (APC Smart-UPS 3000VA),"UPS shut down without warning during centrifugation process, lab machines went dark",Inverter stage power MOSFETs blown due to high inductive back-EMF from centrifuge motor startup,Replaced damaged power MOSFET bank (IRFP460x4) and snubber diode network on inverter stage,4.0,8900,Power MOSFET Bank & Snubber Diodes,High,Resolved
LPU-MAINT-2024-0028,2024-05-30,Student,GH-4,C-312,Split AC (Daikin 1.5T),"AC cooling is very poor, air from indoor unit barely cold",Refrigerant leak from service valve port core pin,"Replaced Schrader valve core, evacuated line, recharged 600g R32 gas",3.0,3100,Schrader Valve & R32 Refrigerant,High,Resolved
LPU-MAINT-2024-0029,2024-06-03,Student,BH-2,A-108,Split AC (Voltas 1.5T),Indoor blower squeaking continuously and speed dropping on its own,Fan motor internal hall-effect speed sensor failing intermittently due to motor overheating,Replaced indoor blower motor unit and re-seated wiring harness connector to main PCB,2.5,2600,Indoor Fan Motor Assembly,High,Resolved
LPU-MAINT-2024-0030,2024-06-08,Student,BH-3,C-309,Split AC (Blue Star 1.5T),"AC is not cooling, outside fan is running but compressor silent",Compressor start capacitor ruptured with electrolyte leakage,"Replaced 45uF capacitor, checked supply voltage and compressor winding ohms",2.0,1650,45uF Motor Capacitor,High,Resolved
LPU-MAINT-2024-0031,2024-06-12,Student,GH-2,C-302,Split AC (Blue Star 1.5T),"Water leaking continuously from AC inside the room, dripping on laptop",Algae slime blockage inside internal condensate tray drain siphon,Cleared drain line with pressurized nitrogen and treated with biocide tablets,1.5,850,Biocide Drain Tablets,High,Resolved
LPU-MAINT-2024-0032,2024-06-14,Student,GH-4,2nd Floor Wing-B,Water Cooler (Blue Star),Water cooler dispensing tap leaking water on floor continuously,Silicone sealing plunger worn down inside tap body,Replaced heavy-duty brass push button tap assembly,1.0,550,Brass Push Button Tap,Low,Resolved
LPU-MAINT-2024-0033,2024-06-15,Student,BH-5,3rd Floor Wing-C,Water Cooler (Blue Star),"Cooler compressor is shutting down within 5 minutes, water barely normal temperature",Thermostat sensor bulb dislodged from cooling tank wall causing erratic temperature cutoff,Repositioned thermostat sensing bulb with conductive paste and calibrated cutoff range to 8-12C,1.5,750,None,Medium,Resolved
LPU-MAINT-2024-0034,2024-06-18,Student,BH-5,C-208,Split AC (Daikin 1.5T),"AC cooling very slow, takes 3 hours to drop 1 degree in afternoon heat",Low refrigerant gas level (suction pressure 85 PSI instead of 125 PSI) due to flare leak,"Tightened flare nut on liquid line, nitrogen leak test passed, recharged 450g R32 gas",3.0,2900,R32 Refrigerant Gas (450g),High,Resolved
LPU-MAINT-2024-0035,2024-06-20,Student,GH-3,2nd Floor Wing-B,Water Cooler (Blue Star),"Push tap on water cooler is jammed, cannot press down to take water",Plunger rod bent inside tap bonnet assembly from excessive user force,Replaced chrome brass push tap and adjusted spring tension,1.0,600,Brass Push Tap,Medium,Resolved
LPU-MAINT-2024-0036,2024-06-22,Lab_Technician,Block-38,Server Room-1,Split AC (Daikin 1.5T),"High temperature warning in Block-38 server room, AC discharge air is warm",Outdoor condenser fan capacitor degraded causing reduced air flow over condenser coils,"Replaced outdoor fan motor capacitor, flushed coil with pressure washer, checked discharge pressure",2.0,1450,Fan Motor Capacitor 3.5uF,High,Resolved
LPU-MAINT-2024-0037,2024-06-25,Warden,BH-4,3rd Floor Wing-C,RO Water Purifier (Kent Grand),"RO unit auto-cutoff not working, pure water continuously overflowing storage tank",Mechanical float microswitch stuck in closed position due to mineral encrustation,Replaced tank float microswitch and tested automatic tank level cutoff,1.5,950,Tank Float Microswitch,High,Resolved
LPU-MAINT-2024-0038,2024-07-11,Student,GH-1,C-312,Split AC (Blue Star 1.5T),"AC pouring water inside room again during heavy humidity, carpet is completely wet",External drain outlet pipe clogged with dust mud nest built by hornets outside window,"Cleared wasp nest from outer drain pipe, fitted protective wire mesh cap, flushed indoor tray",1.5,750,Drain Outlet Mesh Cap,High,Resolved
LPU-MAINT-2024-0039,2024-07-22,Warden,Uni-Hospital,Power House-1,Generator (Kirloskar 125kVA),Diesel leakage observed pooling beneath DG set acoustic enclosure floor,Braided steel diesel fuel return leak-off line cracked near banjo fitting,"Replaced high-pressure fuel leak-off pipe assembly with copper washers, tested under full engine load",2.5,7800,Braided Fuel Return Hose & Banjo Washers,High,Resolved
LPU-MAINT-2024-0040,2024-08-01,Student,BH-1,D-201,Split AC (Blue Star 1.5T),"AC indoor display showing F0 error code, cooling stopped completely",Low refrigerant pressure switch tripped due to persistent hairline crack at indoor evaporator U-bend,"Brazed copper U-bend with 5% silver rod, pressure tested with dry nitrogen, vacuumed and refilled gas",5.0,4200,Silver Brazing Rod & R32 Refrigerant,High,Resolved
LPU-MAINT-2024-0041,2024-08-14,Warden,BH-5,Wing-C Corridor,CCTV System (Hikvision DS-2CD),Corridor CCTV camera image is extremely blurry and showing fog inside dome cover,"Silica gel moisture absorber saturated, condensation trapped on inside of dome cover","Cleaned interior dome optic, replaced silica desiccant packet, checked O-ring seal",1.0,400,Desiccant Pack & O-ring Seal,Low,Resolved
LPU-MAINT-2024-0042,2024-08-16,Faculty,Block-34,Room-34-101,Split AC (Daikin 1.5T),AC in 34-101 turning on but shuts off automatically within 3 minutes with error C9,Moisture shorting the surface-mount resistor network on indoor temperature sensing circuit,Replaced indoor control PCB assembly and programmed model configuration jumpers,3.5,4800,Indoor Main Control PCB,High,Resolved
LPU-MAINT-2024-0043,2024-09-04,Faculty,Block-32,Room-32-305,Projector (Epson EB-X51),Classroom projector showing replace lamp notification and flickering continuously,Lamp timer logged 3050 hours with arc flicker caused by electrode pit corrosion,Maintenance complaint logged in portal; technician inspection scheduled,0.5,0,Epson UHP Lamp Module,Medium,Pending
LPU-MAINT-2024-0044,2024-09-12,Faculty,Uni-Hospital,ICU-Ward-2,UPS System (APC Smart-UPS 3000VA),"ICU backup UPS showing battery replacement needed icon, audible alert every 5 hours",Battery bank internal resistance increased past threshold after 2.5 years of continuous float service,Maintenance complaint logged in portal; technician inspection scheduled,0.5,0,APC RBC Battery Cartridge,Critical,Pending
LPU-MAINT-2024-0045,2024-09-18,Student,BH-3,Lift-1 (Main),KONE Elevator (Model MonoSpace 500),Floor indicator display inside lift showing gibberish symbols instead of floor number,Dot-matrix position indicator LED display PCB driver IC failed,Maintenance complaint logged in portal; technician inspection scheduled,0.5,0,KONE COP Display Board,Medium,Pending
LPU-MAINT-2024-0046,2024-09-26,Lab_Technician,Block-32,Lab-32-302,UPS System (APC Smart-UPS 3000VA),"UPS inverter fan screaming at max RPM, smelling like burning varnish",DC bus filter choke inductor coil overheating due to cracked core ferrite,Maintenance complaint logged in portal; technician inspection scheduled,0.5,0,Filter Inductor & Cooling Fans,High,Pending
LPU-MAINT-2024-0047,2024-10-08,Warden,BH-5,Turnstile Gate-1,Biometric Scanner (Suprema BioEntry W2),"Turnstile scanner buzzer beeping constantly, tamper alarm triggered falsely",Optical tamper switch plunger spring dislocated following door slamming vibration,Maintenance complaint logged in portal; technician inspection scheduled,0.5,0,None,Medium,Pending
LPU-MAINT-2024-0048,2024-10-14,Warden,GH-3,Main Gate Reception,CCTV System (Hikvision DS-2CD),Reception CCTV camera showing vertical colored lines across video screen,Image sensor processing chip (DSP) degraded by continuous heat dissipation,Maintenance complaint logged in portal; technician inspection scheduled,0.5,0,Hikvision Camera Sensor Board,Medium,Pending
LPU-MAINT-2024-0049,2024-10-16,Student,GH-2,Lift-2 (North Wing),KONE Elevator (Model MonoSpace 500),Lift door closing very aggressively without detecting hand bag in doorway,"Misaligned optical curtain brackets following building vibration, creating 150mm blind zone at waist level",Maintenance complaint logged in portal; technician inspection scheduled,0.5,0,Sensor Mounting Bracket Kit,Critical,Pending
LPU-MAINT-2024-0050,2024-10-20,Faculty,Block-32,Lift-1 (CSE Wing),KONE Elevator (Model MonoSpace 500),"Elevator stopped on ground floor, doors won't open even after pressing door open button",Door drive motor belt snapped due to age-related embrittlement,Unit dismantled for diagnostic overhaul; KONE Door Drive Timing Belt ordered from OEM service center,2.5,4400,KONE Door Drive Timing Belt,Critical,In_Progress
LPU-MAINT-2024-0051,2024-10-22,Warden,GH-1,Main Entry Gate,CCTV System (Hikvision DS-2CD),Gate camera stream dropping every few minutes in warden's office computer,Loose BNC/RJ45 connection in wall socket due to corridor foot traffic,Unit dismantled for diagnostic overhaul; CAT6 Wall Keystone Jack ordered from OEM service center,1.0,500,CAT6 Wall Keystone Jack,Medium,In_Progress
LPU-MAINT-2024-0052,2024-10-30,Lab_Technician,Uni-Hospital,Staff Punch Entry,Biometric Scanner (Suprema BioEntry W2),Hospital staff attendance machine fingerprint reader glass cracked and not reading fingers,Cracked optical prism block caused by physical impact during equipment trolley movement,Unit dismantled for diagnostic overhaul; Suprema Optical Prism Module ordered from OEM service center,2.0,1950,Suprema Optical Prism Module,High,In_Progress
LPU-MAINT-2024-0053,2024-11-02,Warden,BH-3,Main Gate Entrance,CCTV System (Hikvision DS-2CD),Main gate camera feed completely offline in security monitoring room,Lightning surge damaged PoE splitter adapter powering the outdoor camera,Unit dismantled for diagnostic overhaul; PoE Splitter & Surge Protector ordered from OEM service center,2.0,1600,PoE Splitter & Surge Protector,Critical,In_Progress
LPU-MAINT-2024-0054,2024-11-04,Warden,Uni-Hospital,DG Yard,Generator (Cummins 82.5kVA),Lube oil pressure gauge indicating low pressure (1.8 bar) at rated speed during weekly test run,Lube oil filter element saturated and engine oil viscosity degraded from excessive idling hours,Unit dismantled for diagnostic overhaul; 15W40 Engine Lube Oil & Lube Filter ordered from OEM service center,3.5,13800,15W40 Engine Lube Oil & Lube Filter,High,In_Progress
LPU-MAINT-2024-0055,2024-11-08,Student,GH-1,D-402,Geyser (Racold 25L),Geyser making clicking sound every 30 seconds and water is only mildly warm,Stem thermostat bimetallic contact worn out and arcing under load,Unit dismantled for diagnostic overhaul; Racold Stem Thermostat ordered from OEM service center,1.5,950,Racold Stem Thermostat,High,In_Progress
LPU-MAINT-2024-0056,2024-11-10,Student,BH-3,D-402,Geyser (Racold 25L),Water leaking from bottom of geyser onto the floor,Tank inner weld seam micro-crack developed due to hard water corrosion,Unit under warranty replacement review; plumbing bypassed temporarily,1.0,0,None,High,In_Progress
LPU-MAINT-2024-0057,2024-11-12,Student,BH-1,C-305,Geyser (Racold 25L),Geyser power tripping the bathroom circuit breaker after 10 minutes,Moisture entering thermostat terminal cavity causing leakage current to ground,Drying thermostat cavity and resealing with silicone; testing under observation,1.5,600,None,High,In_Progress
LPU-MAINT-2024-0058,2024-11-14,Warden,BH-4,Main Gate,Biometric Scanner (Suprema BioEntry W2),"Fingerprint sensor glass scratched deeply, taking 4 to 5 attempts to read",Optical surface abrasion preventing clear minutiae extraction,Replacement optical sensor module requested from central stores,1.0,1750,BioEntry W2 Sensor Module,High,In_Progress
LPU-MAINT-2024-0059,2024-11-15,Warden,BH-5,Mess Gate Entrance,Biometric Scanner (Mantra MFS100),Fingerprint sensor glass cracked by student dropping heavy steel plate on it,Cracked optical scanner prism glass causing total internal reflection failure,Work in progress; replacement scanner module requisitioned from IT department,1.5,1800,Mantra Optical Prism Assembly,High,In_Progress
LPU-MAINT-2024-0060,2024-11-15,Warden,Block-33,Ground Floor Lobby,CCTV System (Hikvision DS-2CD),Lobby CCTV camera feed displaying purple and green horizontal distortion bands,Defective image sensor flex cable connection to main DSP processor board,Technician troubleshooting camera assembly; replacement cable requested,1.0,800,None,Low,In_Progress
LPU-MAINT-2024-0061,2024-11-16,Student,GH-3,D-404,Geyser (Racold 25L),Water leaking from bottom of geyser casing onto bathroom floor,Pressure relief valve leaking water through discharge spout due to defective spring,Unit dismantled for diagnostic overhaul; Safety Pressure Relief Valve ordered from OEM service center,1.5,850,Safety Pressure Relief Valve,Medium,In_Progress
LPU-MAINT-2024-0062,2024-11-18,Faculty,Block-25,Room-25-104,"Smartboard (Promethean ActivPanel 75"")","Smartboard display completely blank, status LED flashing purple code",Main scalar processing board failed to initialize video input processing engine,Scalar mainboard ordered under OEM warranty service; repair ongoing,2.0,8500,Promethean Main Scalar Board,High,In_Progress
LPU-MAINT-2024-0063,2024-11-19,Warden,BH-1,Mess-1 Entrance,Biometric Scanner (Suprema BioEntry W2),"Biometric device showing network offline icon, student punch logs not syncing",Faulty Ethernet switch port in hostel distribution rack dropping network packets,IT networking team dispatched to re-patch drop cable and inspect switch port,1.0,0,None,High,Pending
LPU-MAINT-2024-0064,2024-11-20,Student,BH-5,Lift-2 (West Wing),KONE Elevator (Model MonoSpace 500),Lift button for 3rd floor is stuck inside and not glowing when pressed,Floor push button microswitch contact stuck due to mechanical impact; faceplate loose,Technician on site; replacement button assembly ordered and being fitted,1.5,2400,KONE COP Push Button Module,Medium,In_Progress
LPU-MAINT-2024-0065,2024-11-20,Student,GH-2,B-305,Geyser (Racold 25L),Geyser takes over 1 hour to heat water in freezing winter morning,Heavy magnesium scaling encrusted over heating element sheath,Descaling underway; technician flushing tank with descaling agent,1.5,850,Descaling Chemical & Gasket,Medium,In_Progress
LPU-MAINT-2024-0066,2024-11-20,Lab_Technician,Block-34,Lab-34-105,Lab Power Distribution Unit,"Sub-panel busbar temperature measuring 82C on thermal scan, burning smell",Loose bolt on main 100A phase copper link causing high resistance contact heating,Technician on site; tightening copper busbar connections and replacing thermal insulators,2.0,1800,Copper Busbar Insulators,Critical,In_Progress
LPU-MAINT-2024-0067,2024-11-22,Student,BH-5,A-203,Split AC (Blue Star 1.5T),"AC remote sensor not working, cannot turn off or change temperature with remote",IR receiver sensor board on indoor front display panel defective due to corrosion,Part requisition placed; technician inspecting display wiring harness,1.0,1100,Blue Star Display PCB,Medium,In_Progress
LPU-MAINT-2024-0068,2024-11-22,Lab_Technician,Block-32,Server Rack-32B,Network Switch (Cisco Catalyst 2960),"Switch dropping packets on VLAN 40, port amber lights flashing sporadically",Internal packet buffer ASIC chip overheating due to dust blanket over heatsink,Technician servicing rack; cleaning heatsinks and inspecting switch backplane,1.5,1200,None,High,In_Progress
LPU-MAINT-2024-0069,2024-11-24,Student,GH-4,D-406,Geyser (Racold 25L),"Geyser auto-cut not working, water boiling hot and steam hissing",Stem thermostat contact points fused together under electrical arcing,Replacement stem thermostat requisitioned; unit powered off for safety,1.0,950,Racold Stem Thermostat,Critical,In_Progress
LPU-MAINT-2024-0070,2024-11-25,Student,BH-5,4th Floor Corridor,RO Water Purifier (Kent Grand),RO purifier water rejected stream is flowing continuously but pure tank not filling,"Auto-flush solenoid valve stuck in open position, dumping all feed water to reject drain",Awaiting replacement SV valve from stores; technician commenced dismantling,1.0,850,Solenoid Valve 24V,Medium,In_Progress
LPU-MAINT-2024-0071,2024-11-25,Lab_Technician,Block-38,Lab-38-202,Lab Power Distribution Unit,Lab row 2 floor power outlet box cracked and loose wires exposed,Physical damage from heavy floor cleaning machine hitting floor pop-up box,Work underway; replacing heavy-duty aluminum pop-up floor socket box,1.5,2200,Aluminum Pop-up Floor Box,High,In_Progress
LPU-MAINT-2024-0072,2024-11-26,Warden,GH-2,Turnstile Entry Gate,Biometric Scanner (Suprema BioEntry W2),"Scanner screen frozen on Suprema logo, not accepting student finger or card",Internal NAND flash firmware corrupted following power dip,Work in progress; reflashing firmware using manufacturer recovery tool,1.5,900,None,High,In_Progress
LPU-MAINT-2024-0073,2024-11-27,Student,BH-2,C-315,Geyser (Bajaj 15L),Geyser making loud humming sound and water takes 1 hour to get lukewarm,Heavy scaling layer insulating element; thermal transfer efficiency severely degraded,Work in progress; geyser unit dismantled for tank chemical descaling and element check,1.5,900,Descaling Compound & Gasket,Medium,In_Progress
LPU-MAINT-2024-0074,2024-11-28,Student,BH-4,C-402,Geyser (Racold 25L),"Water is either ice cold or boiling scalding hot, thermostat knob seems broken/loose inside",Stripped thermostat adjustment spindle and oxidized contact leaf causing intermittent connection,Unit dismantled for diagnostic overhaul; Racold Thermostat Controller ordered from OEM service center,1.5,900,Racold Thermostat Controller,Medium,In_Progress
LPU-MAINT-2024-0075,2024-11-28,Faculty,Block-26,Room-26-105,"Smartboard (Promethean ActivPanel 75"")",Smartboard speakers crackling and audio dropping during online guest lecture,Internal 15W stereo audio amplifier IC output pins cold soldered on audio daughterboard,Audio amplifier module dismantled for circuit inspection and component replacement,1.5,2800,Audio Amplifier Module,Medium,In_Progress
LPU-MAINT-2024-0076,2024-11-30,Warden,GH-4,Main Gate Entrance,CCTV System (Hikvision DS-2CD),"Night vision on gate camera is completely black, no image after 6 PM",Infrared LED array board power MOSFET burnt out,Technician assigned to replace IR illuminator circuit board,0.5,0,None,Medium,Pending
LPU-MAINT-2024-0077,2024-12-01,Warden,BH-2,Cycle Parking Area,CCTV System (Hikvision DS-2CD),Parking CCTV camera lost video feed since storm yesterday night,Water ingress in external RJ45 junction box shorted PoE pins,Technician assigned to re-crimp connector and install IP66 weatherproof junction box,0.5,0,None,Medium,Pending
LPU-MAINT-2024-0078,2024-12-02,Warden,BH-5,Back Gate Entry,CCTV System (Hikvision DS-2CD),Back gate outdoor camera feed flickering and dropping frames intermittently,Damaged weather-proof junction box letting moisture into Balun connector,Technician assigned to inspect outdoor cable conduit and replace junction box,0.5,0,None,Low,Pending
LPU-MAINT-2024-0079,2024-12-05,Student,BH-5,B-305,Geyser (Bajaj 15L),"No hot water coming from geyser in room B-305, green light blinking weirdly",Thermal cutout switch tripped due to dry heating when tank supply water was disrupted,Technician assigned; scheduled for continuity check and reset,0.5,0,None,High,Pending
